year,area,production
2016,408132.0,1131872
1997,5239.0,63011
2012,1905.0,2282
2011,219.0,235
2016,1398.0,6346
2011,431405.0,39470478
2008,1211149.0,3299000
2015,600.0,420
2009,2835.0,20716
2017,147.0,43
2019,841.0,858
2016,3231.0,47561
2000,235.0,75
2019,336850.0,378700
2013,25.0,229
1999,49713.0,88397
2002,3481.0,2069
2013,803800.0,926400
2018,17.0,16
2014,2608100.0,1524400
2011,1206528.0,3433881
2012,160000.0,581000
2005,4773.0,9198
2018,3210.0,2920
2013,3570.0,2150
2006,623.0,158
2006,1148.0,1598
2012,105117.0,285835
2009,58476.0,31230
2019,551.0,411
2012,8361.0,13771
2018,255145.0,443992
2006,23827.0,1377
2017,6100.0,11600
2013,2040.0,1750
2018,716.0,763
2006,89500.0,39200
2014,5220.0,10310
1998,113783.0,99516
2010,1034600.0,1123500
2009,27726.0,20392
2016,14653.0,81224
2005,43.0,20
2019,3365.0,0
2006,18595.0,135725000
2018,261.0,256
2011,439.0,420
2011,4321.0,393
2005,344587.0,140019
2006,13726.0,29025
2019,35.0,0
2000,6000.0,5000
2017,12968.0,2060
2000,1534.0,1266
2012,12780.0,297900
2015,2852.0,2016
2013,9189.0,23831
2003,1695.0,432
2014,5553.0,8444
2014,10038.0,9433
2002,814.0,11121
2014,67835.0,47654
1999,30245.0,17032
2011,59069.4,514054
2009,75065.0,97660
2006,13135.0,14974
2018,1840.0,1230
2020,3.0,6
2019,2.0,26
1997,7500.0,12500
2015,4154.0,3333
2015,9911.0,65979
2019,4913.0,2948
2006,2640.0,4600
2001,2080.0,2080
2007,520.0,19071
2018,224.7,272
2019,249147.0,274809
2016,855.0,1749
2013,300644.0,271380
2010,1074.0,872
2007,1092800.0,88437200
2006,50.0,18
2016,6300.0,19500
2017,15559.0,135147
2008,527000.0,2285000
2008,359961.0,381180
2018,26783.0,22628
1999,5760.0,4164
1999,118465.0,38477
2004,403.0,112
2004,97851.0,139927
2005,229960.0,17656395
2017,727642.0,1486852
2017,235.0,186
2011,237700.0,257140
2009,11938.0,9884
2004,400093.0,841471
2005,63.0,89
1999,934448.0,560326
2004,4300.0,3600
2008,39.0,12
2016,290655.0,338322
2000,2020.0,1594
2018,1184.0,593
2004,930.0,628
2014,31.0,19
1997,2465.0,11728
1998,100561.0,28577
2004,233322.0,119694
2009,298.0,288
2000,1783.0,662
2018,3665.0,38682
2016,2273.0,7
2016,5620.0,52433
2016,49138.0,32055
2005,562270.0,645985
2018,4141378.0,6509430
2019,1880.0,16010
1999,751.0,500
2007,3.0,5
2010,28900.0,173200
2015,4349.0,974
2019,18231.0,24032
2011,2574.0,1740
2010,18200.0,16800
2016,456.0,878
2015,24595.0,67107
2009,14268.0,18975
2005,379237.0,642216
2008,847300.0,984800
2017,5265.0,1149
2018,210.0,498
2006,134069.0,18350
2004,60000.0,62000
2017,3458.0,7622
2003,85143.0,56879
2007,536.0,322
2004,468.0,317
2007,27507.0,22691
1998,63042.0,14750
2006,385.0,578
2017,963.0,0
2014,12453.0,76149
2008,6765.0,5143
2018,9155.0,5315
2016,4800.0,13400
2003,478726.0,244136
2002,296.0,427
2010,12859.0,84686
2018,5289.0,7828
2009,76.0,206
2001,41785.0,23243
2015,32370.0,36170
2007,1.0,1
2008,3889.0,24702
2012,5995.2,7769
1999,570.0,330
2006,9523.0,6745
2020,13.0,9
2006,554193.0,584337
2005,6350.0,5430
2016,32118.0,21654
2002,320.0,10450
2000,15432.0,17947
2004,2530.0,1100
2006,12863.0,7757
2002,17749.0,5600
2014,42616.0,46996
2017,400000.0,37460951
2001,2420.0,1910
2004,3291.0,5408
2017,35002.0,54906
2007,519000.0,2377000
2017,3862.0,2189
2002,3475.0,600
2017,389994.0,429732
2003,5479.0,1738
2010,187.0,166
2016,12876.75,229581
2008,25.0,20
2019,10.0,6
2000,48187.0,15950
2019,806.0,317
2013,349.0,466
2016,3380.0,6220
1999,294654.0,653783
2003,5785.0,9700
2010,3101.0,4104
1998,248000.0,117400
2013,177896.0,158590
2007,496.0,1233
2013,218908.0,270157
2010,8762.0,6290
2019,171547.0,1284319
2018,1124.0,822
2012,7250.0,8359
2016,19205.0,23966
2002,19860.0,79718
2017,3660.0,2230
2012,205082.0,471150
2015,4995.0,3472
2002,10525.78,74589
2019,83977.0,25687
2005,124379.0,156720
2014,11285.0,7757
2016,165732.0,163583
2000,7773.0,12191
2015,6568.0,5165
2019,319.0,158
2016,31.0,0
2000,32410.0,22009
2012,1895.0,1719
2014,860.0,880
2007,1535300.0,2912800
2016,108.0,1877
2014,4.0,2
2009,488.0,411
2003,4078974.0,7357255
2004,6428.0,1334
2017,9.0,5
2019,4832.0,3873
2010,160.0,136
2014,546.0,433
1997,3487000.0,1357500
2008,14918.0,14873
1999,99.0,0
1998,65771.0,98963
2016,35795.0,129563
2012,18379.0,17313
2013,20524.0,15932
2014,1597.0,382
2016,1600.0,1320
2011,9106.0,5110
2018,841.0,1692
2018,231040.0,234342
2017,25406.0,32112
2012,1161.0,13930
2005,46785.0,41879
2017,1020.0,510
1999,871.0,647
2003,1500.0,2000
2014,188.0,4782
2011,1020.0,678
2018,5012.0,4060
2016,10912.0,49530
2013,600.0,400
1997,2077.0,480
2010,1.0,2
2017,291000.0,1283000
2008,27000.0,33000
2016,1213836.0,1212287
2007,14000.0,270000
2014,152912.0,140063
2009,400466.0,5547100000
2019,21603.0,14917
2013,552897.0,2436849
2004,9300.0,3100
2011,54052.21,36743
2008,5885.0,3764
2018,5851.0,5419
2016,3557.0,29892
2006,1328.0,1018
2014,2.0,3
2007,2440.0,1240
2004,1030.0,50413
2009,893.0,52343
2012,60000.0,100000
2019,133.0,0
2013,97956.0,700144
2016,3495000.0,17636000
2003,15480.0,30020
2006,2625.0,2219
2019,20063.0,3617
2005,151868.0,49236
2000,1697346.0,975274
2001,8206.0,3740
2008,13000.0,22230
2002,56137.0,48835
2004,41790.0,25599
2018,6.0,15
2000,365.0,805
2000,44116.0,118000
2016,28122.0,28498
2005,132963.0,42623
2002,82.0,127
2009,2913.0,46821
2010,100.0,25
2011,62571.0,40360
1998,500.0,230
2008,308.0,10811
2009,1.0,1
2006,19.0,11
2012,63982.0,61101
2006,33685.0,8233
2008,1700.0,700
2018,36932.0,6270
2014,9449.0,18122
2015,890.0,920
2002,6210.0,1403
2008,6.0,1
2011,2481.0,600
2010,11865.0,10661
2002,30440.0,11440
2003,160159.0,250992
2005,2370.0,871
2013,1.0,4
2008,497803.0,1566921
2011,105350.0,3967751
2001,2902.0,1478
2005,81621.0,282618
2013,300.0,142
2019,540.0,580
2013,3375.0,2531
2003,16054.0,261765
2014,700.0,100
2000,3527.0,1000
2006,189486.0,83842
2017,9378.0,341048
2000,1777257.0,2759652
2002,6.0,4
2005,1499.0,462
2000,233.0,324
1999,1520577.0,680774
2012,331839.0,159868
2017,10515.0,3030
2016,1953.0,47999
2017,1106.0,473
2008,412488.0,315330
2003,11397.0,6002
2014,1000.0,576
2014,1124.0,960
2007,158691.0,46213
2012,196000.0,15448000
2002,207.0,397
2012,1076.0,1517
2018,161039.0,11664869
2018,460.0,803
2019,2533800.0,11876900
2001,11054.0,6408
1998,37995.0,6669
2019,5424.0,35658
2012,703261.0,962061
2011,750.0,540
2017,24016.0,12297
2006,360.0,225
2017,902035.0,82539200
2018,1555.0,18663
2010,1250.0,1629
2006,57395.0,98246
2005,46.0,42
2012,14100.0,5400
2019,5.0,4
2017,3342.0,1275
2000,107157.0,16977
2004,53629.0,458390
2015,541000.0,390000
2010,4002.0,7400
2011,150217.0,90101
2010,912.0,519
1998,57700.0,144872
2011,460.0,637
2013,4444.0,29293
2017,2270.0,1390
2017,240.0,1174
2014,110.0,99
2018,2550.0,5253
2012,306.0,589
2015,115000.0,424000
2010,9800.0,4190
1998,24858.0,121000000
2012,221337.0,1776427
2005,900.0,1800
2019,60678.0,548425
2014,235479.0,475144
2010,212680.0,480240
2010,119207.0,159286
2017,46028.0,108435
2016,35151.0,223546
1997,231.0,271
2002,112354.0,35523
2014,0.8,2
2009,1300.0,1885
2006,23662.0,22002
2009,2430.0,30132
2011,419473.0,380914
2019,223892.0,13578832
2011,345182.0,506782
1999,46824.0,23880
2000,1403.0,857
2019,25659.0,79891
2015,4986.01,22044
2011,2140.0,2274
2006,39.0,20
2002,394.0,112
2015,313428.0,191530
2016,1850.0,1968
2019,1.0,0
2013,2491.0,8106
2012,276.0,172
2003,201785.0,68268
2014,66739.0,73869
2001,9255937.0,25498002
2018,9048.0,30635
2000,26301.0,27252
2019,126.0,319
2002,299548.0,183922
2010,115803.0,321962
2013,2437.0,1165
2012,286000.0,549000
2002,26000.0,85000
2000,5644.0,2358
2017,3352.0,4442
2018,1865.0,1992
2016,8412.0,23024
1999,5046.0,11895
2004,10071.0,5451
2003,26550.0,240340
2016,200062.0,354388
2001,16.0,251
2009,1813.0,334
2008,65.0,286
2003,1370.0,716
2014,275861.0,344823
2001,164169.0,229732
2006,20230.0,16163
1997,2057000.0,7528000
2003,10647.0,3109
2019,17194.0,45024
2018,1839.0,637
2003,460893.0,278840
2004,6733.0,4751
2008,10763.0,646243
2003,321189.0,532620
2019,55722.0,51278
2000,4265.0,5351
2013,6046.0,30513
2012,17612.0,40948
2011,4800.0,1600
2017,63117.0,278946
2011,13138.0,142324
2008,797944.0,1167342
2010,2060.0,16977
2014,1042.0,1472
2009,2773.0,233
2016,300.0,264
2009,3329.0,1237
2002,319607.0,213639
2009,1.0,1
2011,86.0,61
1999,8.0,4
2016,3380.0,2986
2006,1052.0,562
2002,10000.0,20000
1997,17317.0,2853
2013,419.0,143
2008,268600.0,257181
1997,1826300.0,2453600
2012,7036.0,4531
2007,28000.0,33000
2007,1836.0,2037
2018,1296051.0,3407725
2019,35.0,26
2002,1000.0,5000
2019,95479.0,83000
2006,12.0,3
2004,29029.16,23846
2004,465.0,100
2011,196.56,76
2017,29004.0,23589
2011,6940.0,6310
2016,1013.0,757
2013,225010.0,250454
2003,21309.0,154284000
2016,27899.0,11114
2008,740.0,740
2016,68664.0,2529729
2006,273662.0,540128
2014,103195.0,153321
2011,3889.0,34563
2009,332.0,274
2008,7421.0,30809
2011,1295.0,1705
2001,5800.0,3791
2010,11888.0,6759
2013,877885.0,3636603
2010,433.0,202
1999,10248.0,5323
2006,656.0,1183
2002,1672.0,492
2001,85500.0,145300
2017,1788800.0,1744360
1999,4010.0,2350
1999,2608081.0,2507120
2010,4476900.0,4750000
2017,13987.0,6963
2011,422.0,362
2012,2632.0,929
2005,354455.0,7462464
2009,23585.0,132526
2019,2000.0,2200
2013,44.0,62
2018,4619.0,25561
2019,933.0,330
1999,290330.0,96910
1999,211622.0,90512
2015,4973.0,2002
2003,201165.0,281430
2010,918.0,694
2004,140741.0,73217
2017,2552.0,30748
2003,14740.0,21190
2013,352.0,2962
2003,38605.0,54510
2016,5688.0,68184
2010,94394.0,33321
2012,3982172.0,7848401
2012,250344.0,12741415
2008,1380.0,2070
2005,883984.0,1551359
2007,3195400.0,7014900
2001,102898.0,25705
2000,833007.0,702718
2008,110800.0,58000
2014,49.0,0
1999,4248946.0,8463310
2006,71963.0,22894
2011,3459.0,1459
2009,2500.0,500
2019,500.0,1248
2000,169312.0,51172
2016,12684.0,10561
2014,33.0,16
2017,79344.0,2715116
2011,16200.0,13300
2011,19526.0,12871
2005,37.0,18
2007,25240.0,90290
2005,3275.0,29564
2016,3309.0,7482
2007,463000.0,302000
2004,19007.0,8288
2011,2950.0,2840
2003,6092.0,2076
2015,15.0,9
2010,226534.0,748159
2007,2823.0,4212
2011,1841.0,1519
2004,443.0,2632
2017,288.0,382
1997,5915.0,29003
2002,388.0,1030
2004,24161.0,15814
2007,174000.0,636000
2011,1990.0,1520
2008,3122.0,716
2015,24362.0,102073
2009,290199.0,530224
2011,3743.0,5058
1997,913000.0,2556000
1998,2812400.0,7005800
2014,59534.0,78546
2002,5300.0,3800
2005,20591.0,123362
1997,502797.0,1391132
2007,1321.0,13800
1999,50.0,30
1999,150.0,90
2005,100798.0,63879
2008,4573.0,1836
2007,1027.0,1421
2003,660.0,755
2019,2282.0,2367
2013,121485.0,49274
2010,50248.0,20765
2008,695.0,148
2002,98060.0,15560
2014,322820.0,63599
2002,8199.0,84614
2008,2250.0,3130
2018,2734.0,2422
2019,17645.0,17645
2010,30443.0,13944
2006,2002.0,77709
2018,2962.0,2890
2015,3910.0,7700
2019,360.0,240
2015,51579.0,33941
2014,7378.0,2376
2009,9429.0,2343
2001,39156.0,473407
2013,24090.0,48239
2017,1857.0,3524
2019,463374.0,453266
2000,4110.0,21879
2002,449000.0,1083000
2002,114190.0,73450
2001,11900.0,3250
2001,37000.0,54500
2004,25.0,26
2014,41.0,54
2000,11612.0,42699
2011,8510.0,8040
1998,106935.0,5101066
2009,618202.0,508556
2015,14582.0,18735
2014,728050.0,474035
2006,10016.0,8796
2002,35.0,10
2016,43.0,250
2017,70193.0,2697319
2000,42534.0,590095
2005,8455.0,5827
2019,1584.0,1750
2015,7053.0,12058
2012,1057.0,763
1998,1048.0,2124
2008,33900.0,198800
2016,1287.0,1277
2010,112.0,49
2007,81400.0,110900
2010,275200.0,345500
2017,290.0,80
2018,18220.0,23999
2018,3199.0,2571
2014,574.0,587
2015,235970.0,612966
2015,810.0,3443
2018,51000.0,78030
2006,563.0,301
2016,1579.0,1185
2000,1600.0,2500
2014,1421.0,1683
2008,2700.0,2500
2007,152000.0,52000
2018,5.0,10
2005,7800.0,6900
2012,3550.0,8950
2012,1219400.0,612000
2008,1398900.0,3568251
2011,23642.0,59496
2019,561.0,1342
2009,29237.0,42540
2019,5.0,20
2013,103.0,0
2006,25480.0,30620
2014,164.0,48
2009,3030.0,28580
1999,1045704.0,1579408
2007,32.0,6
2005,25235.0,29361
2006,399.0,242
2001,41427.0,1612840
2009,19997.0,134624
2017,19917.0,178353000
1999,3077.0,2320
2009,41593.0,7800
2013,2022.0,7289
2005,621.0,590
2008,5238.0,8949
2014,627.0,5079
2017,50.0,46
2011,315659.0,872895
2009,1098.0,7684
2006,61418.0,42719
2002,3390.0,26917
2017,44436.0,111619
1999,6079822.0,13230539
2006,34163.0,10521
2018,11120.0,13590
2014,1750.0,2895
2010,8.0,13
2016,444267.0,260048
2008,17451.0,73956
1998,58878.0,25071
2015,63670.0,160722
2015,29285.0,1093397
2013,6130.0,5642
1999,336.0,392
2015,55352.0,255082
2000,151.0,46
2000,162445.0,336416
2010,261347.0,507404
2012,2.0,2
2006,49069.0,155979
2000,109681.0,4017008
2009,603.0,318
2000,9686.0,3637
2003,38855.0,48100
2004,121642.0,134950
2014,10522.0,62732
2001,1835.0,19616
2017,85141.0,37955
1997,864228.0,1252811
2006,12677.0,5846
2001,1104900.0,1385500
2012,500.0,500
2010,172692.0,162224
2008,78317.0,515740
2004,311437.0,610136
2017,33701.0,30342
1997,4700.0,1900
2008,1945.0,162323
2010,2100.0,5250
2009,812456.0,1018820
1999,34.0,10
2015,41696.0,49826
2003,1589100.0,2219200
2015,104738.0,119397
2017,38331.0,14818
2005,456900.0,722400
2011,934836.0,714847
2006,1106630.0,332732
2011,23434.0,20272
2003,33220.0,431463
2007,4260.0,1162
2017,98040.0,5432600
1998,1465.0,732
2014,45415.0,122104
2015,339851.0,788503
2000,1401841.0,4541328
2015,5240.0,2036
2004,32348.0,140083
2016,1019.0,1604
2007,140092.0,5912307
1997,124429.0,236446
2003,271671.0,520831
2009,614365.0,9324967
2019,426080.0,769480
1998,383.0,1790
2006,145532.0,115262
2014,16833.0,208515
1998,10.0,20
2011,275.0,300
2015,7.0,3
2007,234804.0,122897
2019,223.0,105
2015,103950.0,258320
2014,43663.0,23591
2019,3.0,6
2015,22631.6,1535834
2015,11.0,8
2010,25.0,32
2014,2660.0,7500
2005,52720.0,74525
2006,100339.0,220864
2017,59826.0,58153
2015,2360.0,3210
2005,1419.0,440
2015,447.0,472
2019,20712.0,14628
2017,61070.0,55220
2013,25804.0,10458
2002,1179.0,920
2010,13019.0,12300
2013,293360.0,43190
2012,608.0,432
2014,16370.0,218409
1997,252400.0,252100
2006,2382.0,16735
2008,173100.0,345090
2005,29.0,15
2008,4800.0,2880
2004,40906.0,980481
2014,1369.0,1395
2016,798.0,280
1999,3086.0,1624
2004,96718.0,26000
2010,792.0,6456
2001,4676.0,4222
2010,8210.0,61661
2006,1236.0,1415
2006,13900.0,4900
2002,149369.0,21266
2015,1874.0,37516
2012,48249.0,17465
2009,47231.0,21816
2009,29900.0,21900
2001,2581.0,3700
2017,78897.0,167377
2018,486.0,1904
2017,12214.0,8344
2000,28464.0,25009
2018,1258.0,1393
2012,495051.0,440572
2011,4166700.0,6820100
2018,26579.0,153767
2009,90652.0,61093
2016,80.0,120
2019,500.0,300
1997,6719.0,379133
2001,50507.0,761365
2002,7000.0,6000
2015,1970.0,2392
2015,2939.0,929
2014,1131000.0,2530000
2005,300.0,1222
1999,7365.0,17167
2014,3301.0,30090
2001,400.0,400
1998,20117.0,39000
2016,4100.0,15989
2006,280.0,254
2005,8501.0,5671
2001,38480.0,312850
1998,40907.0,47295
2009,10024.0,8062
2007,22626.0,209564
2008,291.0,312
2010,23385.0,7041
2007,5184.0,1624
1998,297.0,288
2003,93.0,184
2003,4501000.0,6801000
1998,39112.0,24271
2008,2782.0,6364
2006,264333.0,21691638
2007,4647.0,12395
2012,2980.0,2960
2008,308800.0,32798888
2015,599083.0,1099880
1999,650.0,21230
2011,1221076.0,3875100
2012,2208.0,12831
2006,6900.0,6400
1998,12763.0,21487
2017,1596.0,7003
2013,1725730.0,7115195
2000,6.0,6
2006,900.0,1440
2016,5075.0,16342
2000,69513.0,668439
2016,548.0,297
2005,438.0,314
2004,314422.0,243677
2018,1712.0,1348
2011,55.0,28
2015,18532.0,2440
2006,887.0,2728
2017,245096.0,256859
2015,604.0,495
2019,52802.0,38529
2010,416.0,100
2013,1085991.0,680825
1998,128.0,30
2016,10291.0,7667
2010,568463.0,8137465
1997,4565.0,7895
2017,195.0,396
2019,7284.0,94870
2008,238500.0,84900
2019,394.0,421
2018,328.0,8848
2011,16803.0,18200
2019,36504.0,375719
2018,60806.0,129017
2001,301498.0,246625
2016,605.0,443
2013,3500.0,31920
2005,398316.0,398077
2015,118.0,43
2008,2140.0,2990
2014,72389.0,90950
2016,290301.0,548542
2006,4461.0,3500
2004,755700.0,1016300
2012,28871.0,1028161
2012,104.0,84
2018,1.0,6
1997,30000.0,30000
2002,4292.0,9411
2018,14265.0,28393
2013,2070.0,1680
2012,12483.0,23222
2014,595.0,417
2000,7338.0,6111
2005,78285.0,68262
2001,156420.0,127817
1997,897921.0,1214282
2003,83666.0,68975
1997,279292.0,154772
2018,63710.0,126270
2003,2789.0,2758
2015,54.0,21
2001,71525.0,67833
2000,7249.0,17586
2002,85.0,41
2001,362868.0,148046
1999,4991.0,3702
2007,307084.0,26028309
2016,82772.0,40424
1999,7606.0,44710
2006,10941.0,7023
2012,6992.0,84613
2017,38902.0,21556
2011,5856.0,4569
1997,2674.0,7
1999,407156.0,289222
2012,760.0,640
2006,8170.0,16856
1999,74.0,117
2004,23780.0,129494
2006,848800.0,66277400
2016,337711.0,362858
2017,2690.0,2497
2014,2470.0,6820
2009,1677.0,1097
2001,12794.0,22031
2000,243070.0,547520
2004,5934405.0,10749989
2012,540424.0,960007
2003,8349.0,2056
2018,2561.0,14514
2005,7795.0,2857
2010,740.0,1529
2012,265000.0,698100
2009,1295.0,15410
2019,188588.0,60914
2002,520.0,311
2006,64474.0,64166
2018,217336.0,203522
2018,327080.0,628340
2008,121.0,48
2000,394083.0,8398200
2019,22722.0,8999
2013,105.0,315
2017,340.0,330
2009,2540.0,27050
2018,19621.0,67607
2008,903.0,9863
2019,3410.0,7664
2019,32.0,77
2014,10021.0,153311
2019,141100.0,250093
2004,2500.0,4000
2013,2218.0,3889
2016,13503.0,11534
2011,14499.0,884716
2007,3700.0,1300
2012,1320.0,11230
1997,2095.0,1340
2000,452.0,2300
2016,8.0,3
2015,92908.0,44306
2018,3345.0,53748
2015,56609.0,17549
2019,74.0,623
2007,2100.0,1840
2008,33638.0,78705
2015,114331.0,184409
2014,8318.0,7960
2007,15884.0,3232
2002,18045.15,30067
2009,121468.0,215842
2019,17041.0,11694
2015,81302.0,200983
2005,2777.0,13261
1998,22325.0,1469529
2012,438.0,1406
2014,12394.0,39004
2015,10.0,7
2007,211640.0,172805
2002,104286.0,140169
2017,5890.0,11030
2018,877414.0,771339
2009,1000.0,920
2007,433.0,93
2014,2706.0,2143
1997,11000.0,6000
2012,591.0,222
2012,659742.0,467109
1997,131400.0,83700
2010,124600.0,73000
2010,697685.0,201457
2018,1279500.0,4615344
2000,474000.0,1199000
2016,41279.0,33776
2014,438067.0,235142
2013,12000.0,46000
2000,13340.0,6188
2010,2231.0,1695
2009,20100.0,30200
2003,251048.0,64646
2010,2857.0,4176
2000,152.0,39
1999,427155.0,827970
2018,360.0,320
2011,2066.0,1030
2011,158.0,109
2002,9564.0,61104
2019,12.0,4
2008,5625.0,12378
2019,290.0,325
2001,8710.0,10485
2008,1.0,1
2015,5272.0,3338
2014,1451.0,1550
2009,60262.0,47464
2006,320.0,280
2000,29822.0,265887
2018,3293.0,42643
2001,34665.0,28701
2011,32.0,16
2010,1083.0,2564
2011,31247.0,78770
2004,43416.0,28979
2011,239900.0,273300
2011,19.0,43
2011,478657.0,144679
2010,2024.0,2790
2017,30634.0,81726
2017,47591.0,50314
2016,12481.0,10194
2000,9239311.0,25168332
2010,18078.0,104669
2003,87.0,29
2015,105450.0,148705
2008,1220.0,233
2000,466911.0,76938
2010,283.0,87
2003,1792.0,1833
2018,53.0,41
2017,1690.0,464
2002,479801.0,251857
2012,400.0,500
2010,2109.0,562
1999,115803.0,183765
2000,317473.0,34062855
2006,1491300.0,2488600
2016,5.0,1
2000,2700.0,442
2000,12060.0,23840
2016,837081.0,799743
2002,6028.0,5400
2000,2817.0,7854
2007,1134.0,6282
2013,259.0,139
1998,1100.0,5750
2010,2472.0,23054
2001,2063.0,16832
1998,157000.0,159100
2000,62905.0,28929
2007,113162.0,47902
2015,25818.0,129400000
2013,6145.0,1551
2009,2326.0,2727
2002,2926.0,4649
2019,45487.0,32575
2006,2914.72,16719
2007,1646992.0,2238765
2011,41700.0,22750
2004,118220.0,79661
2009,2098.0,24895
2014,57641.0,26921
2016,28751.0,23234
2012,65300.0,18650
2003,15425.0,11399
2014,51093.0,278224
2002,28050.0,5545
2019,262135.0,133845
2009,30731.0,28876
1998,196002.0,309644
2018,1433.0,2253
2007,200.0,100
2004,54200.0,16700
2013,8768.0,5120
2018,9879.0,9242
2010,1100.0,739
2004,1045.0,1555
2003,1438.0,664
2005,41341.0,9837
2014,249.0,268
2002,37.0,38
2006,159.0,777
1997,105170.0,150101
2002,1800.0,500
2018,3.0,24
2016,4970.0,3023
2013,933073.0,1366639
2000,993.0,276
2015,1852.0,20430
1997,120020.0,129505
2001,68733.0,80097
2014,849093.0,1248966
2013,83000.0,72000
2015,248690.0,460920
2011,16990.0,599932
2004,14432.0,28358
2009,109163.0,118923
2004,2790.0,2967
2014,30117.0,126424
2014,1125.0,807
2001,8468.0,4733
2011,4673.0,92207
2005,27566.0,23695
2018,941981.0,2321558
2011,4164.0,13701
2002,5133.0,25429
2007,894.0,541
2015,881.0,407
2007,322889.0,731851
2006,335.0,168
2007,524.0,452
2012,47063.0,763234
2009,6322.0,11751
2011,895600.0,1341700
2000,340.0,200
2017,259.0,198
2007,13034.0,21134
2019,5161.0,3511
2009,5040.0,57159
2002,51700.0,34400
2002,2109301.0,5054013
2008,3223900.0,2367200
2013,10935.0,53920
2019,66846.0,44876
2013,662625.0,671716
2019,27479.56,438393
2008,55800.0,1171400
2006,136000.0,123000
2003,566876.0,134187
2005,721.0,475
2014,1427500.0,1087700
2004,14316.0,9918
2016,79.0,147
2015,280811.0,708527
2010,189.0,206
2012,136100.0,133100
2018,572383.0,727945
2003,4198619.0,4643673
2009,3658.0,2402
2014,1908.0,1895
2009,101400.0,267200
2018,6427.0,2526
2016,850.0,572
2007,3752.0,20560
2017,8486.0,4725
2003,9700.0,9000
2007,3720.0,6998
2018,6019.0,1657
2008,726189.0,396958
2014,276500.0,92300
2019,221102.0,191433
2005,3989.0,20841
2012,5057.0,14294
2018,410.0,6626
2000,10591.0,5410
2005,26660.0,32000
2019,3136.0,3088
2005,3276.0,4486
2019,78051.0,165535
2014,26407.0,38842
2017,2441.0,598
2009,18429.0,128117
1997,13.0,6
1998,35000.0,48000
2013,1500.0,1652
2009,42096.0,137000
2000,4635.0,21358
2009,1012.0,1100
2003,1318.0,429
2008,2413.0,2264
2017,150865.6,3701014
2005,829550.0,856096
2014,495113.0,1690109
2018,131.0,0
1999,274540.0,408464
2002,152000.0,310000
2008,1161.0,672
2000,6500.0,3000
2004,442.0,459
1999,2833.0,21648
2017,299336.0,640196
2017,29630.0,2125489
2006,660.0,790
2009,2534.0,652
2000,53767.0,21335
2013,10499.0,4366
2001,148934.0,44552
2007,8230.0,13198
1999,300300.0,87500
2005,1157.0,605
2011,104210.0,6348078
2017,4325.0,15281
2016,47594.0,33556
2012,344424.0,64262
1999,610.0,346
1997,34504.0,50025
2003,21736.0,11721
2010,175500.0,199800
2000,34.0,9
2014,1814.0,1871
2011,20712.0,26160
2000,6493.0,5200
2008,244993.0,373167
2017,244125.0,712600
2015,52885.0,1424267
2015,374.0,186
2000,125.0,276
2014,240.0,230
2003,900700.0,1234300
2019,114600.0,410500
2001,3760.0,6069
1998,14724.0,9690
2010,56.0,0
2008,351030.0,423753
2015,586.0,9536
2016,54784.0,138942
2007,674.0,674
2011,535850.0,747700
2010,225361.0,156170
2013,472192.0,311424
2003,862.0,1540
2008,343.0,120
1997,423121.0,751970
2011,17670.0,22123
2000,69.0,10
2011,60680.0,30545
2011,35968.0,31292
2018,540.0,580
2016,9014.0,4071
2018,1618.0,938
2002,187000.0,92700
2018,1694220.0,1396800
2009,29.0,15
2015,1542.0,51270
2016,19602.0,23665
2006,9923.0,31208
2007,241.0,137
2006,2051.0,647
2016,10612.0,4166
2012,1228263.0,4065052
2019,5670.0,16050
2008,99375.0,139844
2013,16171.0,3838
2015,65109.0,30601
2003,259815.0,504797
2009,2666.0,2314
1999,8904.0,4582
2009,3413000.0,5581000
1997,700700.0,416300
2013,616.0,6049
2019,14952.0,6011
2018,2379.0,2219
2008,608.0,492
2011,167796.0,141687
2013,2540.0,3072
2011,114511.0,160034
2000,435355.0,180709
2014,320.0,300
1997,967.0,761
2010,99759.0,82155
2014,21395.0,20856
2010,81180.0,66838
1999,26715.0,7518
2010,48782.0,13995
2016,142.0,118
2004,71.0,191
1999,1887.0,497
2011,1621.0,1212
2017,193338.0,219087
2002,4987.0,3418
2013,244100.0,295850
2019,4480.0,26455
2001,776000.0,1077400
2005,79366.0,112139
2006,46723.0,36491
2004,1605390.0,1248565
2016,999370.0,2757755
2016,2762.0,1381
2019,1761556.0,462639
2019,96.0,50
2015,525.0,716
2015,31216.0,137979
1998,65309.0,70294
2016,3812.0,4616
2006,742300.0,528400
2012,51.0,102
2007,158487.0,126134
2015,951.0,636
2016,5.0,2
1999,821996.0,778932
2013,1088.0,3344
2012,1528100.0,3001640
2015,5105.0,4283
2015,8740.0,9810
1998,48.0,16
2015,114092.0,101143
2001,439578.0,336547
2002,9316.0,15398
1997,948.0,450
2006,327100.0,588800
2016,256.0,51
2015,1039.0,330
2005,94.0,82
2008,386.0,4827
2011,462.0,247
2018,83743.0,128477
2012,121782.0,33048
2015,16013.0,154375
2009,1773.0,514
2016,6643.0,6934
2012,29608.0,13324
2014,6993.0,94222
2012,294.0,307
2000,19850.0,5000
2000,6478.0,4382
2002,823.0,1474
2016,55403.0,180196
1997,952.0,253
2017,35219.0,188609
2014,1508400.0,2835400
2002,57203.69,78365
2000,1373422.0,945212
2007,34570.0,72463
2001,6405.0,12063
2018,25.0,9
2010,76482.0,655527
2007,1252800.0,2371100
2019,43414.0,45370
2016,3192.0,32377
2018,146902.0,73961
2013,37238.0,218178
2004,44000.0,1221300
2003,5693.0,2331
1999,148000.0,222000
2003,1620.0,710
2007,2840.0,1200
2002,1370.0,7443
1997,64500.0,59400
2009,20045.0,19845
2003,129800.0,50100
2008,606426.0,857221
2002,147796.0,973546
2011,15990.0,43221
2003,835.0,431
2005,15490.0,6511
1997,86459.0,36738
2010,52600.0,18830
2006,287515.0,335000
2000,51839.0,103673
2008,115804.0,5148134
2003,64.0,77
2002,126268.0,29042
2019,1091.0,2831
2006,93213.0,93952
2014,23.0,106
2006,655600.0,1045200
2014,420000.0,1342000
2010,336.0,362
2003,651400.0,1193200
2011,2593.0,3994
2017,189.0,265
2005,1652.0,530
2014,142.0,180
2019,6366.0,44226
2013,5552.0,1654
2008,1549.0,2943
2011,593.7,609
1998,861.0,596
2004,1944.0,945
2013,211484.0,125464
2018,2335.0,4525
2001,41936.0,34270
2016,66800.0,49687
2015,937000.0,515000
2017,1669.0,2526
2008,11769.0,25200
2010,133000.0,491000
1998,9700.0,2100
2013,446000.0,1495000
2007,28644.0,355531900
1997,4000.0,3295
2016,527.0,4751
2017,25.0,51
2005,2670.0,2272
2010,724.0,666
2012,4310.0,187570
2000,172918.0,151043
2008,51992.0,19720
2005,300.0,300
2018,7962.0,48929
2013,14490.0,46397
2011,256.0,129
2003,600.0,400
2003,25084.0,7099
2004,9939.0,2554
1997,433.0,26
2013,37.0,828
2017,233769.0,13824707
2012,17300.0,16500
2017,17001.0,35113
2013,41401.0,11294
2014,6035.0,17269
1997,465581.0,480673
2010,100.0,50
2006,668.0,583
2019,1683.0,637
2013,18674.0,15874
2011,737.0,10633
2001,283585.0,82983
2018,5450.0,315070
1999,16700.0,1043400
2019,1005.0,519
2006,5190.0,77443
2010,1830682.0,3649129
2019,1873.0,3570
2016,11874.0,8390
2019,1626389.0,1125991
2013,15.0,13
2016,296.0,341
2017,910.0,47160
2018,1.0,3
1999,1358.0,1500
2019,9080.0,36316
2007,4528.0,766
2007,736971.0,538923
2009,174311.0,615452
2014,13779.0,91319
2005,15952.0,332092
2009,124.0,138
2004,25900.0,157700
2004,2249.0,1627
2013,39062.0,79031
2019,5834.0,1093
2002,1456466.0,846323
2003,64199.0,123529
2007,60000.0,81000
2016,60736.0,11387
1998,140.0,4570
2004,9306.0,3843
2015,1755.0,1444
2010,570289.0,530326
2001,418198.0,168890
2002,194.0,88
1997,75259.0,671871
2013,126300.0,82700
2006,1193.0,849
2018,5493.0,79657
2017,27219.0,71279
1999,5780.0,578820
2015,5970.0,44775
2006,81.0,131
2013,52816.0,29448
2001,2494.0,2173
2017,47401.0,37589
2000,16198.0,6574
2010,17276.0,26500
2017,11801.0,318222
2016,847.0,3563
1999,2336.0,1196
2013,41012.0,27381
2003,13007.0,215248
2013,4631.0,1210
1998,4846.0,31567
2002,19730.0,10694
2004,200661.0,224757
2006,25000.0,17250
2005,12107.0,9751
2011,47.0,94
2007,4404.0,402
2018,87264.0,41185
2014,2000.0,1600
2012,18.0,8
2004,69659.0,118514
2014,5890.0,11341
2014,4496.0,26384
2011,391.0,1294
2006,503.0,342
2006,37825.0,629635
2012,4983.0,29749
2015,100.0,37
2003,296700.0,258000
2012,576709.0,8228161
2005,436.0,60
2011,1098.0,1231
2001,126106.0,243661
2005,2834.21,1353
2006,31212.0,23978
2014,23515.0,42516
2014,115546.0,159843
2013,1971.0,3566
2002,154.0,0
2019,5844.0,2224
2017,6.0,2
1997,13300.0,11000
2012,6486.0,6552
2011,21701.0,6148
2010,138101.0,33563
2008,37.0,35
2013,85246.0,117142
2018,554.0,931
2015,163108.0,107157
2015,25066.0,9114
2011,39613.0,554878
2012,51851.0,31007
2016,252.0,3052
2001,307.0,1479
2003,17214.0,15439
1997,915800.0,1114500
2002,762300.0,376100
2002,4090.0,2600
2016,241.0,0
2019,3133.0,2745
2019,722.0,547
2013,54210.0,16697
2008,398.0,800
2006,4106.0,4417
1998,310.0,150
2001,12994.0,22707
2017,925397.0,1795148
2003,6990.0,8810
2000,30366.0,38871
2011,3971.0,9914
2019,5.0,45
2000,1253.0,2185
2014,12.0,28
2019,194.0,2782
2012,5000.0,6000
2014,2717.0,380
2016,120010.0,133475
2012,5000.0,3000
2000,4250.0,3110
2010,37269.0,130000
2013,5298.0,31947
2003,2500.0,5000
2001,3691707.0,5993596
2018,144766.0,209122
2015,200.0,100
2007,64.0,133
2003,4172.0,5704
2008,16892.0,6089
2015,87544.0,161869
1997,3630.0,2181
2008,1068.0,735
2012,44.0,62
2018,23351.0,92360
2005,151.0,227
2004,1924500.0,1705500
2011,84014.0,30814
2019,137.0,846
2006,78902.0,237039
2017,221940.0,695400
2011,586000.0,215179
2018,5699.0,1953
2018,8981.0,7891
2011,5980.0,2073
2006,231290.0,238052
2019,128440.0,111657
2014,14130.0,39236
2002,61.0,446
2011,3991.0,2041
2016,5409.0,7413
2002,242586.0,556740
2003,16181.0,67250
2008,5300.0,4450
1999,17783.0,196037
2008,9230.0,2423
2013,80955.0,1047072
2019,166979.0,523051
2001,47.0,46
2014,5571000.0,6350000
2013,577214.0,265632
2004,36428.0,7719
2018,6078.0,4589
2015,88415.0,27094
1999,6790.0,6860
2014,8357.0,5539
2010,40.0,878
2019,72.0,65
2004,736.0,14132
2007,148138.0,38981
2012,26837.0,76040
2009,234920.0,401472
2005,61493.0,46964
2003,509534.0,171096
2005,30067.0,24400
1999,8100.0,12849
2013,131989.0,184104
2019,431.0,371
2016,23.0,22
2015,2500.0,3525
2017,647930.0,836554
2013,24916.0,36353
2008,30255.0,286040
2005,10.0,8
2009,5456.0,10437
2001,102.0,0
2000,299664.0,7673130
2010,393.0,704
2013,263499.0,1199389
2019,83765.0,34545
2011,111362.0,347253
1999,1457100.0,2466400
2007,55900.0,17107
2009,5440.0,4550
2006,1700.0,2010
2017,246539.0,620027
2013,92747.0,196862
2000,11160.0,42290
2012,2982.0,2416
2007,22.0,22
2000,126530.0,29980
2019,625797.0,1092419
2015,1153.0,1493
2006,1290.0,712
2004,530500.0,216500
2004,422.0,215
1998,1280.0,16460
2017,1265.0,7
2008,19972.0,6081
2018,8511.0,5827
2011,3040.0,5480
2017,57696.0,33635
2015,48600.0,33440
1998,750.0,3930
2005,2099.0,299000
2018,2718.0,2545
2002,413659.0,912047
2006,20775.0,12280
2009,114622.0,60384
2015,94000.0,273000
2017,1193.8,1367
2019,6194044.0,3856153
2019,629.0,295
1999,10100.0,2900
2013,81488.0,156700
2004,24294.0,310874400
1999,6300.0,6100
2008,263671.0,82983
2014,70403.0,767548
2004,37800.0,54985
2012,2156.0,816
2019,789.0,417
2008,124200.0,165300
2007,57000.0,501000
2017,9501.0,17636
2001,60535.0,29710
2003,4333.0,795
2004,9222.0,47138
2008,123563.0,129000
2012,554.0,371
2002,40381.0,20100
2011,1950.0,1244
2005,493.0,19037
2000,11924.0,4171
2018,49.0,32
2016,540.0,433
2018,1.0,3
2000,286.0,2300
2015,75017.0,276205
2013,2422.0,2804
2014,21057.0,5737
2011,30837.0,68165
2011,46500.0,68500
2001,1500.0,2000
2018,147.0,268
2018,82094.0,57059
2014,130471.0,984135
2018,1704.0,352
2018,47.5,35
2016,1880.0,2090
1999,13197.0,23878
1997,155.0,348
2007,6020.0,8060
2016,326.0,327
2019,39541.0,23093
2004,152323.0,104577
2018,1150.0,3423
2019,31300.0,390028000
2014,82700.0,126000
2006,466.0,322
2006,452.0,202
2005,6116.0,2458
2007,1295.0,1680
2000,76155.0,78726
2008,53704.0,2381030
2018,95000.0,7774000
1999,146100.0,57600
2011,123500.0,159543
2009,9538.0,5909
2005,932800.0,1300700
2006,530433.0,547937
2012,5740.0,4630
2017,8570.0,3516
2004,4037.0,27527
2010,27570.0,19424
2010,890.0,970
2018,27944.0,19356
1998,940.0,12090
2017,47600.0,24700
2011,17303.0,26939
2018,1204714.0,3940959
2000,167657.0,33762
2018,495932.0,42323211
2014,14.0,4
2008,4983.0,3809
2016,6743.0,8229
2001,13793.0,9486
2017,3976626.0,5749044
2010,71000.0,39000
2011,2131.0,1683
2003,678.0,616
2018,19220.0,82876
2015,10043.0,7523
2019,2929.0,2859
2018,228035.0,664155
2012,103000.0,161000
2018,875.0,96
2001,21308.0,11217
2009,171.0,146
2004,2989.0,1466
2009,99988.0,6088488
2014,19851.0,28542
2008,1134555.0,1155110
2017,236710.0,607820
2005,52273.0,26918
2008,46041.0,9634
2017,3.0,9
2015,921.0,439
2015,193.0,290
2004,1517.0,115690
2011,77800.0,1792300
1997,8157.0,8905
2019,6050.0,17290
2000,1175.0,2158
2015,66.0,107
2011,201013.0,631557
2003,8781.0,126033
2009,45549.0,1847170
2011,20.0,20
2005,686.0,4824
2003,325.0,130
2002,6800.0,5260
2017,2470.0,1490
2003,280.0,10095
2008,8395.0,11461
2009,376475.0,114919
2000,191502.0,549109
2009,17.0,9
2014,136306.0,348342
2015,182.0,407
2014,483.0,338
2011,23640.0,123452
2013,5986.0,3854
2006,8176.0,79316
1998,120000.0,114500
2017,63883.0,162272
1997,12607.0,15330
2000,77844.0,79488
2001,50871.0,375903
2019,27820.0,21670
2015,977005.0,2641669
2010,1848.0,1415
1999,8740.0,91050
2004,4080.0,19386
2011,8423.0,8242
2007,23387.0,15682
2018,283.0,294
2017,167.0,42
2002,919.0,1827
2019,63110.0,18302
2019,173886.5,4270702
2007,142.0,72
2002,1609.0,36000
2019,619.0,539
2006,30528.0,175388
2002,446.0,100
1999,162961.0,95087
2010,3268.0,1400
2011,25525.0,128206
2019,213.0,122
2002,600.0,1059
2018,26839.0,35102
1998,7941.0,6416
2009,1.0,1
2007,4834.0,3239
2005,50719.0,22470
2013,2768.0,2088
1997,54600.0,101900
2004,1704.0,515
2016,484.0,7431
2009,168570.0,240310
2017,88.0,84
2011,212971.0,471282
2015,516.0,1795
2016,5635.0,2018
2013,4041.0,7466
2019,19.0,37
2018,59.4,90
2014,1362.0,1096
2018,16055.0,4351
2006,97.0,164
2003,89000.0,32400
1998,91956.0,11274
2019,12250.0,256890
2019,72080.0,386314
2002,469000.0,541700
2016,199.0,1672
1998,425002.0,740688
2018,31199.0,1093930
2003,1202.0,1084
2000,8855.0,3208
2016,1520.0,1520
2012,100986.0,7500000
1997,3.0,2
2017,63.0,25
2002,75572.0,83542
2012,275973.0,605082
2000,160.0,129
2007,2991.0,159150
2019,2968.0,3957
2004,2962.57,1801
2013,2359.0,12452
2016,14.0,14
2010,41377.0,19457
1997,301149.0,132056
2008,243804.0,101422
2013,26.0,21
2016,498.0,439
2018,39119.0,52271
2005,18401.0,160656
2013,68688.0,2095709
2000,246.0,156
2017,3985.0,5192
2012,4435.0,25871
2002,255270.0,602410
2007,153909.0,1244108
2008,1.0,1
2001,992.0,370
2008,126799.0,164538
1997,15730.0,9337
1999,18527.0,10987
2003,379.0,146
2004,1055061.0,2627561
2018,18957.0,23372
2004,104189.0,4111722
2007,1633.0,877
2006,1300.0,1690
2001,4512.0,4571
2006,46281.0,63524
2006,1035.0,540
2008,7493.0,3821
2012,407000.0,2513000
2005,108590.0,119309
2002,9383.0,20206
2001,353048.0,731778
2004,4188248.0,7320042
1999,46293.0,38430
2016,102067.0,49549
2017,188544.0,463781
2011,344.0,84
2007,51397.0,20637
2016,244000.0,645600
2007,1170.0,520
2009,202.0,91
2002,61.0,630
2014,1210336.0,3788289
2005,48605.0,30714
2008,2.0,3
2018,381.0,166
2002,1591.0,546
2007,1015117.0,2950506
2002,25664.0,31566
2016,179295.0,282188
2015,64.0,76
2004,2707.0,14673
2007,10867.0,23137
2018,1420.0,1913
2000,93546.0,72079
2005,85000.0,5241000
2017,12884.0,9838
2016,63862.0,162180
2008,105122.0,249101
2016,182923.0,183020
2007,696.0,464
2013,430774.0,3417792000
2005,428.0,2561
2012,3010.0,5730
2000,811.0,14358
2017,30.0,12
2013,1705555.0,4356822
2017,3670.0,5239
2018,305.0,71
2016,38498.0,67992
2006,415708.0,327533
2002,4051084.0,9393991
2007,2958.96,18582
2009,2050.0,2250
2003,1523.0,572
2012,25000.0,450000
1999,2612.0,718
2011,147.0,115
2001,63.0,461
2016,1200.0,700
2007,4299.0,5486
2018,35907.0,42338
2006,2584633.0,2553617
2015,16615.0,5516
2012,5601025.0,16510524
2017,121.0,361
2013,2774323.0,2102496
2003,24443.0,317488500
2009,3391500.0,5111200
2005,202830.0,0
2009,73809.0,23862
1998,2384.0,617
2012,481000.0,1627000
2003,158851.0,172342
2008,5285.0,26807
2008,887.0,1116
1999,3510.0,45140
1999,2080847.0,4583515
2004,4086404.0,9974734
1998,310399.0,1611530000
1999,449818.0,595000
2002,4537.0,73362
2013,261516.0,138315
2008,5440.0,2780
2008,185.0,177
2013,107772.0,111862
2010,193178.0,98783
2017,7818.0,8261
2004,57981.0,410409
2003,133064.0,122574
2017,47378.0,34028
2009,10.0,8
2012,3450.0,53516
2007,5915.0,1535
2015,601.0,213
2003,23.0,25
2000,5434.0,1380
2003,2252.0,30732000
1997,4342.0,24108
1999,14317.0,18342
2009,12686.0,176246
2017,214168.0,129787
2016,397083.0,381035
1998,178428.0,1721987
1999,33610.0,20310
1997,94520.0,904095
2008,4895.0,15909
2017,166195.0,1532106
2018,2334.0,25622
2012,900.0,290
2010,3000.0,5400
2012,88.0,46
2001,24200.0,638700
2006,1230.0,15820
2010,14367.0,4844
2012,420.0,440
2002,2422.0,1801
2008,3.0,226
2013,1227.0,1283
2012,349669.0,853769
2017,16871.0,20787
2016,3000.0,1100
2012,2823.0,1615
2007,43.0,69
2002,390113.0,381761
2001,2635.0,11219
2015,974881.0,1775698
2014,951724.0,1808081
1997,31292.0,1753100
2012,102230.0,143226
2013,918984.0,1868189
2016,3571.0,1027
2014,3037.0,41069
2010,22120.0,22405
2002,4200.0,2200
2006,2848.0,2610
2011,5247.0,1549
2007,2680.0,3534
2006,1870.0,1375
2013,1397.0,1124
2006,57571.0,65934
2005,5989.03,4058
2018,2327.0,2356
2019,401.0,461
2015,5800.0,17900
1999,58302.0,32696
2000,538.0,9146
2017,127.0,58
2007,742000.0,814000
2008,9106.0,16995
2002,5000.0,4500
2002,64.0,28
2013,14253.0,7464
2001,5370.0,106280
2000,608321.0,656000
2017,3590000.0,5385030
2018,441.0,155
2005,140539.0,1225728
2004,49.0,17
2013,31246.0,26509
2017,484391.0,498327
2013,54378.0,171985
2003,100945.0,26000
2007,72300.0,1795600
2000,2444.0,349
2001,82.77,72
2014,17300.0,5900
2016,5159.0,8895
2016,1282.0,3212
2017,44120.0,18108
2014,6637.0,47061
2018,6648.0,6301
2004,3852.0,2987
2018,5297.72,80333
2012,61011.0,515607
2005,3468000.0,14493000
2009,389147.0,111835
1997,747300.0,670600
2006,344.0,80
2014,1004.0,0
2007,1403.0,917
2007,270.0,263
2002,40871.0,487836
2004,7924.0,14276
2004,35661.0,560306
2000,1.0,1
1999,144461.0,1381179
2008,3556.0,781
2006,3248.0,903
2000,13.0,202
2014,3720.0,7426
2013,21.0,39
1998,1025.0,600
1999,75372.0,44519
2005,3312.0,7942
1998,12100.0,4200
2003,114516.0,33235
2010,346936.0,534707
2001,9271.0,14154
2003,1962.0,1453
2012,4298.0,6026
2016,495.0,317
2006,42646.0,851437
2001,23.0,26
2018,550.0,1311
2016,120222.0,105981
2016,5721.0,4910
1998,39463.0,53840
2015,7160.0,7870
2007,3982.0,34877
2015,34895.0,2404655
2004,22238.0,13339
2008,20.0,19
1997,865.0,683
2019,3185.0,7429
2012,2661.0,14888
2012,7669.0,4059
2000,907927.0,1473111
2013,823748.0,756566
2014,254338.0,15498951
2010,2065.0,675
2005,366729.0,773514
2009,17829.0,11525
2014,67.0,69
2010,191.0,370
2015,593351.0,602616
2018,143341.0,58676
2001,3000.0,2000
2006,53388.0,34664
2016,250.0,150
2019,567875.0,621906
2013,472982.0,399318
2017,26169.0,131600000
2001,1749800.0,1703200
2012,9723.0,8784
2005,79165.0,98560
2014,17142.0,17313
2016,2632.0,16386
2017,83472.0,1109702
2005,65.0,1105
2000,71447.0,47452
2007,140365.0,8850000
2003,62.0,306
2010,1654.0,700
2018,38882.0,11535
2013,34063.0,58046
2014,14114.0,16778
2019,2382.0,2222
2002,153000.0,9110000
2008,899.14,1439
2006,6720.0,8050
2006,82.0,39
2011,6558.0,25769
2014,23646.0,28769
1998,354800.0,230600
2011,113.0,92
2002,250.0,160
2017,17964.0,20203
2000,601.0,3516
2018,6970.0,69123
2017,111388.0,112325
2015,3278.0,3190
2012,291553.0,587479
2008,637.0,5026
2014,399.0,357
2014,126000.0,460000
2007,247000.0,20182000
2000,2000.0,1800
2016,1959.0,1675
2013,33.0,117
2013,30322.0,69197
2009,6401.0,49663
1999,1500.0,1070
2002,4090.0,11649
2004,505.0,1794
2014,42953.0,31377
2013,5618.0,7994
2017,596010.0,679180
2007,92.0,252
2005,3604.0,2981
2006,4260.0,7030
2011,5600.0,5200
2019,249.0,194
2003,2240.0,2150
2001,116.0,91
2001,3558.0,7895
2008,4550.0,1875
2003,490757.0,333265
2001,80.0,73
2001,3780.0,2709
2010,5303.0,4080
2003,324100.0,355200
2019,8134.0,5923
2016,260.0,250
2012,1136.0,1390
2017,374.0,527
2013,71.0,23
2015,1537.0,3298
2018,19273.0,109707
2019,2.0,4
2000,190900.0,102400
2008,10308.78,6530
2004,27560.0,23233
2002,30326.0,81000
2008,948.0,1019
2002,4953.0,16412
1998,41853.0,8104
2017,3474.0,3057
2010,15980.0,42773
2011,545.0,524
2015,152891.0,213712
2010,4970.0,25950
2006,28591.0,24276
2007,12364.0,41864
1998,52875.0,15000
2013,12061.0,9167
2011,76386.0,21975
2003,1002.0,11981
2016,439841.0,280189
1998,200.0,73
2004,10077.0,4552
2012,117417.0,208517
2011,14463.0,5014
2007,2.0,1
2013,21317.0,29054
1998,145600.0,172300
2007,30860.0,42667
2017,520.0,570
2014,1975.0,1851
2018,96.0,97
2012,225274.0,178871
2012,28488.0,35325
2009,1108434.0,2585194
2013,171600.0,443600
2016,20995.0,1549747
2019,11300.0,13830
2012,590.0,590
2009,67924.0,51941
2011,130700.0,71100
1999,12489.0,15051
2011,1204.0,3549
2004,34086.0,38108
2009,673.0,100
2018,3105.0,2719
2007,58490.0,38791
2008,63200.0,113760
2006,5292.0,5206
2013,3298000.0,5734000
2009,21731.0,4949
1998,380.0,12410
1997,847666.0,525562
2019,2439.0,1697
2013,89000.0,6675000
2015,297475.0,850259
2006,10311.0,4554
2002,142100.0,229300
2002,74970.0,62910
2002,3755.0,969
2005,132.0,85
2009,9668152.0,27518022
2018,344.0,511
2016,164412.0,184887
2005,14012.0,95900
2016,33.0,42
1997,192500.0,13953300
2008,350.0,270
1998,92000.0,27800
2017,26178.0,62200
2012,7.0,5
2015,16983.0,13595
2020,4919.0,4135
2004,4505.0,1550
2006,1122600.0,814600
2003,9747.0,5001
2013,4461.0,7260
2019,1753.0,20304
2019,88528.0,38650
2001,2844474.0,4354156
2018,187.3,239
2001,4942.0,16627
2009,3767.0,1460
2005,122267.0,146191
2006,1744.0,1361
2008,1400.0,1260
2009,570.0,400
2014,125.0,103
2012,169509.0,177805
2008,12780.0,6398
2002,185137.0,112835
2017,51277.0,69376
2013,21.0,11
2017,26.0,78
2015,3941.0,12049
2009,881.0,8161
2007,1.0,1
2008,56672.0,84021
2007,51415.0,30078
2010,952.0,635
2004,3223200.0,1831500
2002,4270.0,1134
2007,3030.0,5000
1999,4022.0,21497
2010,139993.0,193642
2016,413.0,202
2017,22983.0,18999
2018,2024.0,1451
2004,10400.0,4130
2001,14900.0,21372
2009,11641.0,6603
1999,5500.0,2600
1997,1490.0,711
2018,49614.0,62188
2008,90687.0,26672
2007,786831.0,1290262
2005,44944.0,97483
2005,32816.0,35525
2007,21.0,17
2010,5899.0,76422
1998,170.0,110
2013,11158.0,20260
2010,1387.0,700
2011,260208.0,260728
2017,5651.0,68169
2007,6800.0,4587
2016,9167.0,5583
2017,1121.0,1343
2012,386607.0,11591300
2007,75197.0,520831
2005,2986.0,1965
1998,4028620.0,7653780
2008,196126.0,15382999
2015,6534.0,3949
2006,3905319.0,5441525
2011,2623653.0,2841598
2001,25017.0,34687
2013,7686.0,3339
2011,8100.0,3580
2014,169606.0,899436
2012,1059000.0,563000
2007,821.0,764
2017,26254.0,8381
2001,1934.0,1053
2012,15000.0,127000
2018,5.21,0
2002,1737.0,18011
2005,2450.0,1248
1999,198000.0,71940
2017,34463.0,25038
2008,1733.0,1282
2014,2154423.0,3570211
2010,2253.0,1196
2002,63.0,143
2016,6448.0,64460
2019,5810.0,3680
2010,955.0,258
2004,47209.0,23108
2005,10068.0,2745
2005,2724.0,24644
2003,363.0,893
2019,30964.0,26306
2017,330021.0,263513
2015,9347.0,4911
1998,89591.0,90509
2019,8315.0,2802
2008,17010.0,10862
2007,3426.0,3761
2004,271600.0,105437
1999,87782.0,62411
2017,6932.0,93477
2019,1256.0,1131
2005,854.0,541
2001,21440.0,10630
2000,402962.0,589793
2007,65400.0,2059200
2017,441.0,386
2009,12.0,3
2002,4340.0,3740
2010,180.0,146
2008,125500.0,125000
2019,20264.0,13618
2014,331.0,415
2011,17395.0,226031
2017,4348.0,4095
2004,52442.0,145174
2010,23.0,12
2001,322575.0,309068
2017,5854.0,16837
1998,190119.0,541979
2006,1409200.0,1684100
2013,3149.0,5042
2000,3501.0,25771
2006,13341.72,108295
2005,25450.0,61100
2010,11358.0,3809
1997,5.0,7
2006,7000.0,12200
2002,28506.0,32127
2016,522470.0,8187658
2019,4510.0,2910
2000,452.0,100
2010,1301900.0,975800
2005,13345.34,108900
2011,67857.0,1267840
2013,149468.0,214763
2019,19228.0,82905
2018,809367.0,1819260
2007,98981.0,59174
2008,106086.0,31280
2015,6685.0,2578
2011,2141892.0,6530955
2011,20710.0,175613000
2016,41661.0,27944
2005,2600.0,1510
2004,142.0,105
2004,155751.0,145766
2012,193037.0,388390
2014,10170.0,4389
2002,13589.0,116759
2005,6927.0,1762
1998,904200.0,561900
2014,2228261.0,146576786
2012,236.0,143
2005,204328.0,716614
2016,2450.0,2235
2017,480.0,510
2002,242200.0,283100
2018,3996.0,520
2003,300167.0,298075
2000,7280.0,5159
2011,85.0,41
2002,8896.0,46731
2013,14277.0,3125
1997,93100.0,133342
2012,69586.0,2458515
2004,1720.0,1315
2000,830.0,480
2015,135.0,1310
2001,21300.0,26709
2004,82486.0,16515
2003,600700.0,359200
1998,72440.0,1609360
2005,20476.0,267901
1998,295830.0,951569
2001,587700.0,255300
2017,10078.0,40096
2004,16234.0,4193
1997,313900.0,55600
2010,2.0,1
2002,255035.0,428182
2016,882.0,427
2018,1012.0,1752
1997,584000.0,674000
1998,367472.0,778090
2010,151.0,113
2011,16338.0,121369
2012,10095.0,11064
2002,3126.0,2088
2019,1.0,1
2018,1449.0,8631
2017,24174.0,32672
2017,4238.0,28864
1997,3097.0,1509
1998,51.0,23
2015,39730.0,19500
2014,20519.0,21179
2002,47538.0,37084
2017,9363.0,13379
1997,9569.0,12116
2003,6486.0,4248
2011,83912.0,1028929
2014,247698.0,561856
1999,30571.0,23155
2006,109436.0,163989
2016,110719.0,128811
2002,20695.0,14237
2015,910854.0,981351
2012,90.0,30
2011,1310.0,481
1997,83200.0,67600
2019,31000.0,122718
2008,1869.0,7920
2013,1166334.0,3768045
2000,1030.0,8018
2003,12064.0,7776
2000,1254.0,1500
2017,436024.0,4176500000
2017,1063.0,2024
2019,250.0,461
2010,1369892.0,4506848
2008,2364.0,3238
2017,6343.0,5942
2000,45059.0,327955
2014,2894000.0,11107000
2010,5700.0,4580
2005,1143.0,1600
2005,141100.0,51100
2012,334400.0,346800
2004,7300.0,5640
2003,7303.0,75823
2014,1403.0,472
2016,2443.0,13498
2010,1829516.0,6909447
2009,118168.0,90957
2004,82.0,125
2006,5606.0,3174
2012,53800.0,23390
2000,5049.0,24557
2005,314400.0,491800
2015,3375.0,2977
2003,95454.0,66827
2019,15.0,7
2016,337944.0,183121
1997,295600.0,177000
2006,629739.0,820039
2001,485.0,300
2007,14780.0,303354
2016,73000.0,26591
2006,528.0,3139
2017,2511.0,14438
2004,4001.0,978
2000,115425.0,96359
2004,244.0,9682
2006,4930.0,3218
2019,117.0,147
2013,15683.0,122307
2003,75040.0,63180
2014,75.0,625
2009,8586.0,2329
2011,73907.0,331615
2009,15300.0,93800
1999,8283.0,5374
2009,768719.0,804849
2018,23945.0,30721
2016,833.0,1091
2019,369.0,192
2006,105206.0,5637371
2016,14149.0,5664
2000,39903.0,59611
2013,6543581.0,4711378
2008,79.0,1325
2019,471.0,240
2013,420022.0,38042382
2006,25468.0,126680000
2008,99168.0,51667
2005,97.0,93
2010,56895.0,59384
2006,19000.0,64000
2005,841.0,6993
2019,74896.0,195623
2012,446810.0,1026068
1998,2189.0,400
2013,3512.0,47411
2010,270.0,180
2006,65512.0,98969
2008,232741.0,717012
2015,46522.0,23762
1998,115250.0,46673
2003,200.0,162
2008,584238.0,7872588
2000,58441.0,19993
1998,718.0,12462
2010,37078.0,42556
1999,6.0,1
2007,27303.0,146008
1999,508086.0,289526
2013,15768.0,11548
2017,994.0,10912
2004,4019.0,20153
2011,164069.0,85118
2007,75.0,89
2019,1629275.0,4503628
1999,2798.0,237610
2007,223428.0,810057
2006,140563.0,9651000
2018,7270.0,8010
2014,74200.0,26300
2011,28677.0,37854
1999,346.0,87
2004,2823.0,2788
2012,441048.0,4342441000
2016,1435643.0,2089252
2011,25760.0,199619
2006,33.0,21
2012,37.0,22
2019,180.0,95
2014,800500.0,1496100
2003,14545.0,137965
2019,132342.0,333579
2013,1140.0,537
2002,39354.0,1027659
2011,9926.0,10714
2004,2566.0,1309
2003,737005.0,377983
2003,3831.0,1391
2013,100008.0,100018
2012,36000.0,35000
2015,89657.0,94392
2018,35640.0,33980
1998,255487.0,491430
2014,250.0,7321
2000,711.0,978
2004,1472.0,2370
2014,46122.0,26668
2010,1418.0,7900
2016,168242.0,171429
2017,2716420.0,7046043
2008,1260.0,880
2008,94534.0,67482
2001,1.0,1
2004,346600.0,358800
2019,11109.0,2731
2015,1785.0,1226
2016,1864.0,544
2005,109400.0,58200
2012,23093.0,156202
2014,1400.0,2000
2004,32667.0,37766
2015,8505.0,19587
2005,14797.0,32414
2015,37130.0,31636
2012,3.0,3
2004,2686452.0,2471539
2011,32.0,43
2010,526.0,441
2011,2933.0,14958
2003,10774.0,3905
2013,75236.0,30998
2017,57.0,29
2015,457832.0,490219
2019,218155.0,243194
2004,1389.0,663
2008,17557.0,1638267
1998,636495.0,976876
2012,4.0,3
2000,4695.0,1558
1997,121670.0,91316
2007,9600.0,7360
2002,37500.0,16195
2010,1311.0,2670
2011,802666.0,358478
2011,15.0,12
2004,16045.0,9560
2002,54492.0,30611
2000,583500.0,472600
2008,306161.0,243398
2011,847.0,2405
2014,38245.0,13177
2016,11431.0,13612
2019,104027.0,1912224000
2016,21081.0,6746
2014,2782.0,4214
2017,1307.0,24969
2000,12.0,6
2001,301282.0,668228
2010,156.0,88
2011,812.0,829
2001,272323.0,137056
2009,2005.0,599
2000,202.0,121
2011,921.0,45001
2002,260007.0,40661
2015,1071.0,786
2019,38948.0,15020
2010,15925.0,3345
2000,463.0,236
2003,25431.0,981360
1997,4469600.0,4845100
2019,405046.0,636475
2003,176200.0,12669000
2016,3376.0,186413
1999,578.0,293
1999,170647.0,170117
2005,19814.0,1127
2001,310.0,0
2000,125349.0,213158
2017,87922.0,89075
2013,27180.0,88183
2002,7230.0,10383
2017,19.0,57
2001,107761.0,188971
2007,14932.22,11971
2002,1.0,1
2018,736.0,467
2018,61018.0,29205
2005,40366.0,30071
2011,573.0,247
2010,3680.0,5211
2017,541.0,4963
2009,1291400.0,1114400
2009,60052.0,737859
2002,4001.0,1262
2005,3745.0,851
2006,5330.0,3460
2017,218160.0,338130
2015,2333.0,2420
2019,1966.0,2535
2019,51100.0,79205
2000,373.0,339
2010,4710.0,12773
2019,96681.0,235305
2006,4070.0,22633
2015,11561.0,7316
2018,4006.0,26551
2001,23057.0,324596
2006,1592.0,2945
2016,16.0,15
2017,5660.0,2339
2012,3551.0,28056
2015,2633.0,1800
2006,821.0,763
2016,88261.0,5710
2019,2.0,5
2007,7235.0,1849
2007,5903.0,9056
2016,12983.0,11491
2002,2078.0,2259
2017,815.0,760
2008,42201.0,33674
2014,6.0,11
2010,489500.0,559200
2014,4060.0,3853
2014,196188.0,280693
2007,31200.0,2033100
2007,6059.0,20508
2017,2766.0,35891
2014,619.0,381
2015,19391.0,4715
2015,1431.0,1845
2010,3663.0,3300
2017,2.0,10
2011,5779.0,63010
2006,5650.0,14678
2018,155.0,155
2015,2414.0,27302
2015,1606.0,2803
2017,1257.0,2819
2003,84256.0,123182
2015,118741.0,115121
2012,5430.0,14836
2002,796200.0,448500
2003,116800.0,37200
2012,18100.0,7200
2015,59.0,26
2000,65.0,130
2007,450.0,520
2005,648300.0,1209300
2019,422.0,337
2001,3.0,200
2003,557812.0,1671502
2019,162563.0,781348
2011,31494.0,106783
2018,2510.0,1510
1998,4197.0,311
2002,167581.0,124680
2007,1000.0,970
2009,174200.0,396400
2008,3035.0,865
2016,90.0,133
2018,2111.0,3238
2004,67513.0,20110
2015,28420.0,87175
1999,38.0,29
2003,116877.0,7023220
2004,7511.0,22367
2009,8.0,6
2017,342675.0,603587
2009,2265.0,5048
2006,85385.0,17673
2008,972.0,802
1998,40.0,90
1998,2927.0,4252
2008,21288.72,138075
2005,14901.0,17242
2017,799.0,792
2000,12614.0,3418
2015,2424.0,700
2005,63602.0,124605
2009,608.0,206
2013,63233.0,70548
1999,2777.0,3983
2018,289.0,145
2001,303308.0,379303
2007,409.0,423
2013,276577.0,778209
2002,6199.0,4172
1997,6512.0,3522
2003,10600.0,3600
1998,182384.0,68510
2017,2000.0,2200
2015,192.0,67
2008,51.0,500
2011,3003100.0,10374600
1998,2080.0,1393
2010,120000.0,117500
1999,423879.0,132619
2018,41462.0,34413
2017,944.0,998
2016,1799.0,2744
1997,88400.0,24700
2003,526038.0,1407000
2006,32928.0,28796
1997,156600.0,146800
2016,36900.0,43200
2002,2190.0,1426
2019,5069.0,8457
2002,23.0,12
2012,8629000.0,868000
2006,5000.0,1700
2018,104.326,145
2012,892.0,9424
2016,21.0,26
2015,5495.0,1763
2008,35976.0,153753
2005,2179.0,16213
2019,2550.0,1540
2001,5493.0,13758
2019,128630.0,144580
2010,1.0,1
2000,99423.0,28296
2006,650809.0,298461
2017,1817.0,1918
2012,15864.0,5147
2004,2691.72,1619
2009,52510.0,61618
2009,251.0,141
2015,21499.0,78112
2008,94450.0,42718
2014,4005.0,14518
2009,3994.0,5782
2000,1910000.0,2398800
2018,1441.0,7619
2000,102.0,713
2015,800600.0,332900
2002,2310.0,1030
2002,7650.0,15820
2002,1634800.0,1684500
2003,6565.0,7808
2001,82260.0,22210
2011,41172.0,179065
2015,46280.0,25962
2018,210.0,116
2005,78.0,104
2017,18105.0,161604
2010,12000.0,44000
1998,26752.0,27756
2003,12249.0,8420
2017,821.0,663
2001,252453.0,432682
2015,36163.0,30442
2006,360.0,234
2007,337000.0,551100
2018,82761.41,36777
2017,14240.0,5690
2013,945771.0,715973
2001,2402.0,14001
2011,52856.0,23679
2013,4538.0,21521
2016,117169.0,277521
2012,47460.0,40246
2007,3446.0,3804
2019,5390.0,10700
2019,5830.0,5040
1998,3574.0,3034
2012,1742.0,165720
2008,12152.0,8916
2016,2715.0,861
2019,124681.0,7414530
2001,97861.0,103480
2019,12577.0,143122
1998,3300.0,2200
2007,536.0,287
2012,122690.0,257580
2016,3553.0,3111
2002,1543.0,8642
2010,243815.0,142661
2011,27120.0,27250
2004,1330.0,1318
2005,1352.0,632
2018,4485.0,1545
1999,215322.0,88142
2003,37186.0,83239
2010,61321.0,38202
2006,11082.0,42496
2007,49.0,17
2009,51151.0,785475
2000,17365.0,6404
2011,1230.0,581
2002,2253.0,0
2007,1487.0,1118
2006,1504647.0,1950144
2003,221.0,323
2001,534571.0,383607
2016,140417.0,290379
2012,30649.0,56607
2010,658739.0,432075
2013,15883.0,134505
2004,46467.0,71469
2004,1921.0,154300
2002,57543.0,47760
2006,318015.0,84189
2007,26217.0,17357
2012,208625.0,88706
2010,15167.0,13225
1999,1474338.0,4468400
2012,2.0,18
2012,653.0,567
2004,365.0,555
2009,23045.0,191397
1998,136800.0,53900
2016,571100.0,2046300
2019,10517.0,3204
2006,560.0,577
2012,99426.0,27442
2018,5.0,4
2010,13650.0,114000
1999,15386.0,207607
2005,1383.0,45953
2009,29.0,49
2001,122.0,60
2002,583.0,103
2019,172618.0,333540
2005,593135.0,2098190
2010,5.0,11
1997,672600.0,1042300
2011,944.0,538
2009,1977324.0,117139919
2011,1040.0,309
2017,592.0,4468
2015,269000.0,617000
2014,3551.0,23045
2018,11056.0,2563
2017,1419.0,1426
2018,2855.0,7452
2018,3393.0,2850
2010,1020743.0,999104
2012,2330.0,65900
2014,6899.0,9002
2000,1016.0,521
1997,25797.0,1818700
2004,770100.0,785900
2015,2.0,4
2014,2612.0,1978
2002,64481.0,28047
2002,2305.0,2205
2015,79.0,46
2011,44164.0,10668
2019,556.0,949
2000,2560.0,3611
2016,2160.0,1185
2008,32570.0,41908
1997,3959.0,21087
2005,1020400.0,705200
2002,404.0,100
1998,5260.0,25623
2015,91.0,53
2000,275.0,136
2004,2520.0,24728
1997,114779.0,32809
2011,104825.0,135121
2006,1120.0,58279
2009,95682.0,176656
2018,3090.0,6356
2003,181373.0,88908
2011,104342.0,693800
2004,978.0,7748
2016,8800.0,9880
2005,2800.0,1292
2006,9500.0,3200
2005,1638.0,626
2004,75000.0,41700
2009,505082.0,1918000
2014,10028.0,4600
2017,24400.0,19500
2011,67246.0,368413
2010,61.0,100
2004,6956.0,3510
2006,24080.0,27699
1999,15414.0,3835
2010,4851.0,5424
2015,6602.0,4447
2008,4991.0,64424
2019,3137.0,4447
2013,22171.0,24907
2008,809300.0,1302073
1999,29043.0,671891
2001,1251.0,698
2016,2430.0,1460
2009,2800.0,1400
1998,7620.0,6348
2012,105.0,0
2008,360266.0,768582
2002,23295.0,20805
1999,545675.0,664547
1999,33505.0,122058
2017,56248.0,28012
2015,35542.0,6221
1997,5641.0,3950
2002,1188.0,65470
2011,34913.0,376947
2003,1443986.0,522070
2019,5898690.0,16947998
2006,19732.0,209152
2014,274176.0,718369
2002,12269.37,91201
2000,483.0,1236
2001,8944.0,8085
2005,436.0,60
2019,20800.0,148629000
1999,38384.0,315748
2005,16898.0,24424
1997,141400.0,154100
2014,55306.0,35064
2002,25326.0,4707
2009,5148046.0,10714990
2002,2762.0,2313
2002,605458.0,87520
2014,1778.0,679
2002,578711.0,1165155
2019,1715.0,850
2014,31000.0,38700
2002,6335.0,3436
2007,1072545.0,3606000
2018,504.0,396
2008,297718.0,676644
2003,16862.0,234546
2012,210992.0,106890
2005,9791.0,39910
2019,9397.0,28114
1998,995794.0,1012898
2019,4075.0,3663
1997,72023.0,33793
2007,818812.0,5641000000
2012,900.0,45437
2017,36.0,174
2019,2058.0,1835
2001,150588.0,55626
2008,3045.0,14397
2003,214353.0,247578
2000,369473.0,239431
2000,31500.0,9030
2017,151140.0,60333
2016,29165.0,26435
2015,1530.0,684
2004,256076.0,602221
2009,76.0,67
2003,25110.0,122220000
2010,63448.0,46527
2017,2077.0,1487
2015,29460.0,1038329
2017,13596.0,19137
2007,617943.0,145959
2001,3297.0,2061
2011,28600.0,2049900
2012,3087.0,17468
2010,1691200.0,3159100
2006,1508.0,569
2013,1561.0,30351
2013,12100.0,7501
2011,3193.0,3328
2003,4032.0,2746
1997,42000.0,116000
2018,921.0,903
2016,6.0,10
2018,2030.0,648
2002,518328.0,1038000
2007,24704.0,25856
2016,6133.0,11093
2015,304.0,212
2019,1630.0,19421
2000,54685.0,50170
2019,11137.0,101952
2014,8000.0,60000
2006,7991.0,20316
2008,1079.0,989
2009,1292.0,793
2015,1048.0,1613
2003,453.0,1747
2006,4797.0,7207
2000,4220.0,35816
1999,17389.0,17613
2019,1595.0,4962
2017,3211.0,2811
2017,43138.0,40723
2000,162293.0,54044
2011,97816.0,682597
1999,81900.0,41900
2014,18101.0,17106
2011,848894.0,1316635
2017,3966.0,41812
2012,2270.0,2980
2012,148.0,116
2012,38600.0,11390
1997,905.0,802
2006,10.0,3
2019,5.7,4
2014,62374.0,110903
2013,1519500.0,1400640
2007,8.0,3
2005,7726.0,18291
2014,442.0,844
1998,337000.0,466000
2007,6505.0,17797
2013,9625.0,8543
2012,2400.0,2900
1998,300976.0,662272
2017,7264.0,94603
2016,4941.0,8865
2003,1120.0,47510
1999,549000.0,269600
2002,45073.0,13721
2014,2232.0,1970
2016,4.0,26
2016,603420.0,575376
2010,4116.0,1444
2010,30204.0,44279
1999,250.0,350
2011,16.0,4
2002,2395.0,30807
2004,226364.0,82998
2008,456086.0,1862000
1999,468.0,12354
2018,6298.0,5883
2009,31.0,10
2016,44.0,42
2017,1735411.0,3421253
2004,160.0,45
1997,327123.0,250950
2000,595300.0,49568700
2005,1417.0,29555
2006,2874.0,704
2007,55612.0,21942
2019,1133.0,0
2015,1531.0,1718
2019,26088.0,28782
2002,54373.0,23109
2019,113518.0,127045
2019,1878208.0,3996018
1999,39046.0,398145
2012,20178.0,20173
2011,239586.0,1098173
2000,272.0,44
2002,3785.0,2727
1999,60.0,10
1999,152900.0,71200
2001,127.0,74
2018,17020.0,9973
2017,128634.0,232855
2005,288129.0,605612
2017,58278.0,148913
2006,40.0,15
1998,149.0,324
2018,144.0,92
2019,872.0,804
2010,381529.0,207272
2009,704.0,274
2003,771682.0,800270
1998,7454.0,813
2004,539.0,266
2019,19980.0,13140
2017,9779.0,42910
2014,3282000.0,7802000
2017,3460.0,10646
2004,105200.0,24600
2018,140610.0,118972
2015,1783.0,2960
1999,7461.0,98354
2015,297.0,265
1999,358000.0,290800
2019,631.0,221
2018,11.0,11
2015,64411.0,37706
1998,10999.0,17752
2014,310.0,210
2000,5878.0,11916
1999,410175.0,556455
2018,1025.0,2472
1998,223913.0,446114
2018,21266.0,40107
2015,2107.0,1900
2017,132397.0,64138
2003,9443104.0,26349910
2004,136038.0,841333
2007,3193.0,63700
2018,1444.0,187720
2016,52000.0,41700
1999,123200.0,37200
2002,3550.0,2636
2009,20600.0,47700
2017,1896993.0,5195470
2017,731.0,6116
1998,74457.0,55355
2013,1289.0,1302
2011,103.0,57
1999,29107.0,1154615
2014,21289.0,13371
2011,751300.0,1521800
2019,12100.0,46600
2007,400.0,280
2008,81.0,66
2016,134700.0,82101
2016,56601.0,167181
2016,1435.0,439
2001,191.0,134
1997,9914.0,5076
2000,25741.0,39433
2012,282.0,133
2013,8.0,5
2015,5355.0,44366
2011,65560.0,608023
2015,12843.0,4604
2003,147384.0,266674
2013,174.0,141
2008,19135.0,180161000
2018,25110.0,31640
1998,24721.0,35700
2009,53.0,23
2009,6951.0,3540
2011,2873949.0,8563334
2005,1150.0,570
2014,51279.0,865669
2007,5594.0,3241
2013,33088.0,8625
2010,173.0,131
2003,1437560.59,1525099
2017,85634.0,83186
2017,13720.0,6330
2011,1910.0,1000
2008,500.0,470
2009,246290.0,240968
2012,434.0,184
2009,293.0,236
2002,3860.0,2610
2016,3200.0,2816
2012,4505.0,22064
2003,571992.0,515023
2005,24884.0,323525800
2013,54001.0,31319
1997,1087.0,2105
2016,564.0,2367
2007,56069.0,70797
2017,29294.0,19342
2001,125.0,183
2014,63601.0,158920
2018,662.0,35914
2016,47611.0,25025
2019,29703.0,1218118
2011,157716.0,403700
2006,831.0,451
2001,2547.0,6263
2012,340.0,311
2009,1903.0,1551
2001,339.0,132
2005,413310.0,585498
2016,15.0,21
2016,16862.0,36979
2012,93589.0,118472
1997,91200.0,110500
2017,2211.0,5287
2011,573244.0,505176
2001,1593.0,865
2000,1810.0,1146
2019,1451.0,13726
2015,17403.0,1327805
2017,11410.0,8046
2005,4150.0,207500
2015,9498.0,18503
2007,726000.0,1376300
2007,115.0,92
2012,1776.0,3112
2015,246.0,6235
2019,378678.0,294070
1999,108000.0,6770000
2018,2.0,2
2006,7374.0,3395
2019,675079.0,1038355
2016,1234.0,958
2013,700.0,700
2017,71365.0,368001
2000,4000.0,4500
1997,20900.0,615900
1999,267789.0,496115
2016,1831.0,1312
2003,58471.0,25734
2003,45000.0,78000
1999,97165.0,3425515
2018,29582.0,92755
2009,241.0,374
2000,4003.0,13135
2017,1614.0,938
2015,107.0,117
2019,8156.0,86509
2014,250.0,212
2000,1523.0,8565
2005,358453.0,365885
2009,1157.0,492
2018,2283.0,2261
2006,5902577.0,11082993
2010,10475.0,8392
2018,170200.0,141070
1997,52761.0,51936
2019,22936.0,18556
2007,98114.0,82348
1998,26949.0,2001900
2005,6490.0,3890
2004,1280.0,9600
2009,111800.0,118400
2004,4605.0,1886
1998,3098.0,1000
2019,51519.0,44667
2001,93193.0,84679
1998,6304.0,6362
2014,234289.0,248601
1998,58800.0,87600
2000,555385.0,1016700
2006,14400.0,12100
2005,21700.0,23200
2002,11725.0,240657
1999,65970.0,28170
1998,31037.0,107729
2018,102.0,19
2016,16682.0,1757
2002,35073.0,21327
2019,146.0,146
2020,1299.0,4186
2003,55530.0,126059
1998,42300.0,25600
2016,1800.0,2000
2014,852.0,15811
2008,323900.0,99900
2010,396.0,212
2005,107748.0,6635715
2017,4379.0,4966
2001,5090.0,2568
2007,4395.0,20037
1998,3742.0,1877
2016,6.0,3
2002,79711.0,53526
2001,290.0,160
2018,4276.0,7667
2011,144.0,128
2012,2387.0,3536
2012,72.0,43
2010,230500.0,415900
2018,3088.0,2827
2010,37698.0,51336
2000,10456.0,5703
2008,49712.0,32428
2018,261855.0,257221
2017,259.0,488
2001,271.0,134
2000,120.0,2500
2013,313343.0,32454135
2001,442.0,221
2015,16418.0,100932
2008,72914.37,77225
2009,9040.0,16878
2010,48796.0,27216
2009,3522000.0,15169000
2013,1748599.0,5278326
2006,50702.0,50883
2015,342675.0,602287
2011,223.0,122
2017,813.0,662
2014,2.0,26
2016,7480.0,74840
2000,275.0,220
2010,10475.0,7812
2016,106365.0,157402
2004,2000.0,12100
2010,2424.0,6897
2010,84000.0,68100
2013,780.0,730
2017,1268.0,1299
2001,17903.0,13900
2009,674808.0,982139
2016,176.0,278
2001,83.0,226
2001,19728.0,5920
2004,1488200.0,2098200
2012,863.0,856
2014,1029500.0,91538100
2004,1360.0,1000
2018,518259.0,6669698
2004,24180.0,33514
2003,55549.0,78744
2002,1286.0,13380
1998,92700.0,105700
2013,223113.0,1458297
2018,157525.0,163113
2016,7255.0,8707
2000,8757.0,30351
2018,3.0,41
2012,854518.0,2380688
2003,553904.0,688189
2018,2300.0,2400
2005,2490.0,900
2017,335025.0,331674
2015,7763.0,7210
2005,13131.0,11504
2006,879420.0,846002
2013,1449.0,3496
2017,664.0,557
2011,251.0,147
2014,12.0,9
1997,607358.0,398311
2006,1781.0,7189
2014,5820.0,11208
2018,426342.0,1323976
2008,266100.0,262700
2014,878.0,614
2014,6317.0,1886
2003,27722.0,8052
2017,13683.0,63428
2006,101692.0,80253
2010,72284.1,2408962
2015,93909.0,1308635
2018,59098.0,6223680
1998,1583.0,13707
2006,521.0,330
2009,270608.0,551716
1998,4.0,3
2012,5376.0,2791
2014,67.0,58
2012,1434.0,2052
2020,728.0,558
2004,332752.0,210955
2001,4981.0,56979
1999,27990.0,412775
2019,117.0,90
2000,2500.0,1000
2013,3720.0,1617
2019,1056965.0,1793440
2019,11313.0,81245
2001,255.0,120
2016,31511.0,93045
2017,1181.0,1355
2008,19400.0,20000
2008,800.0,150
2014,14052.0,9963
2016,658330.0,2136362
2005,20434.0,364201
2000,310892.0,947744
2013,1244000.0,4041000
2014,220000.0,372000
2002,584271.0,330894
2010,16779.0,206633
2009,21373.0,18391
2007,1789170.0,5039954
1999,43996.0,24687
2006,22715.0,5201
2002,298271.0,136481
2005,35939.0,14859
2007,211000.0,15190000
2008,387565.0,211087
2020,2017.0,537
2017,26375.05,1834029
2001,607000.0,1307000
2019,3831.0,348
2010,1584.0,852
2013,47018.0,68978
2019,2600.0,1000
1999,835019.0,1165247
2010,25.0,12
2015,1282.0,920
2010,6608.0,17951
2000,949.0,204
2005,1110.0,55867
2011,98714.0,202050
2014,107904.0,149033
2006,3485.0,2842
2012,8616.0,4167
2013,2297.0,4256
2003,155.0,154
2006,669.0,12468
2009,4971.0,838
2003,75206.0,40067
2019,9.0,3
2004,39300.0,1086400
2001,125815.0,721033
2019,22663.0,159883
2013,472.0,390
2015,11492.0,6908
2018,366614.0,154473
2012,3182.0,1111
2013,374.0,0
2004,150.0,215
2011,65620.0,35860
2003,46492.0,47678
2015,336041.0,235449
2007,52191.0,121679
2002,93846.0,98592
1999,58021.0,144551
2003,1719.0,19183
2016,2962.0,3700
2015,404982.0,1141336
2016,52800.0,28200
2010,4019.0,35992
2018,70023.0,151758
2006,6217.0,3721
2000,5926.0,9225
2004,1872822.0,5061622
2019,91.0,357
2011,6.0,9
1997,207800.0,163800
2018,120.0,103
2006,15071.0,14295
2000,816.0,8963
2006,508032.0,1006475
2006,4190.51,2518
2005,22802.0,22376
2004,147.0,37
2003,98643.0,41599
2008,56623.0,50525
2000,1120549.0,2792657
2013,28045.0,12589
2009,14700.0,11000
2018,29530.0,24800
2002,9167.0,7285
2019,4592.0,11322
2003,217.0,172
2004,39106.0,18002
2010,509709.0,953000
2016,157987.0,10786971
2014,8626.0,4723
1998,288829.0,135631
2013,254254.0,711831
2004,1930.0,950
2010,545.0,18786
2011,6880.0,2558
2013,192263.0,926639
2008,39333.0,23440
2016,3566.0,3476
2011,1047.0,989
2011,36351.0,54008
2005,5348.0,15278
1997,18061.0,137869
1998,20763.0,5400
2009,5.0,11
2011,1151.0,711
2018,280.0,270
1998,359514.0,112736
2003,262.0,301
2008,635.0,1195
1998,142.0,1048
2004,15640.0,6101
2013,8113.0,2053
2016,1778.0,770
2008,1055.0,1163
2018,1462.0,44260
2018,705.0,325
2015,19455.0,7662
2007,626.0,1052
2004,65000.0,130500
2009,5873.0,70526
2012,1561.0,836
2013,100824.0,285614
2005,4075.0,67545
2017,16168.0,6693
2017,210.0,116
2008,11306.0,24163
2016,3886.0,2476
2006,1998.0,2667
2014,8283.0,32421
2013,146.0,1314
2010,431.0,266
2010,3027500.0,2084800
1997,681.0,15806
2005,4576216.0,4805027
2000,11548.0,6844
2005,364244.0,1131350
1999,5000.0,4000
2002,16117.0,363109
2009,530.0,1565
2016,56735.0,24392
2011,1580.0,3030
2006,4860.0,24668
2006,305.0,9890
2000,8700.0,7600
1999,80222.0,120365
1998,4385.0,31091
2012,592640.0,2378000
2004,219.0,563
2009,12777.0,46943
2019,10904.0,11378
2010,284.0,445
2016,4191.0,100
2007,940.0,2000
2007,2370.0,1988
2019,115785.0,115785
2005,11.0,21
2008,69015.0,40474
2009,908.0,1400
2008,2320.0,3960
2003,589.0,103
2017,5161.0,5313
2018,23775.0,28084
2011,41861.0,8498
2017,66.0,96
2014,20.0,7
2017,18487.0,28627
2005,17654.0,8094
2014,8680.0,9740
2001,26114.0,91660
2016,27810.0,33101
2007,152.0,42
2016,6000.0,348000
2012,798162.0,5799000000
2016,3.0,3
2016,31376.0,109583
2016,1344.0,1736
2008,14380.0,6500
2011,263936.0,622416
1999,26618.0,21961
2016,342883.0,129160
2017,2649.0,16497
2019,4687.0,9127
2012,1175.0,3141
2008,426600.0,106000
2009,778618.0,5667000000
2018,521877.0,944316
2016,66929.0,125558
2010,9377.0,16719
2000,29500.0,18400
2003,8428.0,20264
1998,2015.0,10629
2019,1355321.0,4228095
2001,129.0,75
1997,2.0,5
2008,1.0,1
2011,11.0,29
2016,150250.0,463371
2015,3930.0,4271
2000,329255.0,681027
2003,117.0,105
2001,300.0,300
2014,89021.0,36561
2019,464.0,898
2016,1579.0,72995
2014,27679.0,22059
2017,62.0,32
2005,1851900.0,3204900
2016,2942.0,2807
2006,2600.0,23040
1999,4150.0,3406
2001,1795.0,4481
2013,6123044.0,15722722
2005,10810.0,20720
2015,33206.0,9416
2001,544.0,105
2008,2580.0,1000
2005,402.0,299
2014,104535.0,289549
2010,551.0,540
1998,15627.0,7005
2011,34666.0,17961
2006,261584.0,494300
2006,41362.0,8545
2018,1.4,2
2010,3.0,226
2006,5041.0,7724
2016,32650.0,36560
2019,172092.0,311224
2011,247949.0,138647
2008,1719.0,887
2013,2155.0,3893
2000,116.0,41
2004,175402.0,96750
1999,1004.0,1767
2013,6274.0,6489
2006,606775.0,330090
1999,11.0,35
2016,191.0,451
2014,6678.0,9843
2014,2571.0,1727
2019,93822.0,88371
1997,861.0,713
2015,166.0,49
2012,70294.0,138011
2009,47085.0,65893
2011,8748.0,8097
2004,376739.0,252063
2015,257971.0,139890
2011,8000.0,7400
2003,624513.0,886300
2016,646.0,531
2007,59341.0,439803
2016,1310.0,500
2012,11619.0,213952
2015,6.0,6
2006,107656.0,90000
2005,804.0,633
2005,14999.0,13790
2006,31.0,50
2000,6098.0,2701
2015,5914000.0,18408000
2007,20.0,2
2004,5911.0,4700
2013,730.0,670
2017,294.0,281
2002,543248.0,216128
2003,11618.0,7168
2019,4518.0,16060
2015,18367.0,18061
2010,29.0,68
2013,31294.0,40444
2011,9300.0,4220
2008,181785.0,34383
2005,10.0,10
2012,289964.0,462422
2012,18850.0,35859
2017,279459.0,3030925
2000,100.0,127
2001,161727.0,204585
2018,254347.0,307473
2016,1.0,1
2012,71199.0,83797
2013,576.0,140
2005,161151.0,1033658
2015,1942.0,1424
2004,21.0,7
2009,43007.0,30072
1999,1210.0,600
2002,187707.0,520263
2015,255.0,458
2019,292610.0,932910
2010,4200.0,3900
2003,6048.0,1706
1997,127913.0,88943
1998,134800.0,192700
2002,848970.0,1486546
2005,155500.0,261300
2015,2721598.0,7542431
2012,624.0,514
2016,12.0,7
2004,297887.0,636294
1998,13961.0,30220
1998,73639.0,68479
2014,15.5,11
2013,1490.0,12680
2012,134000.0,265000
2003,2500.0,1070
2001,4928.0,4460
2017,92817.0,106410
2001,33804.0,41748
2019,35026.0,15692
1999,300.0,640
2007,319752.0,299995
2018,274230.0,925810
2016,942025.0,2611754
2017,2294.0,792
2003,234780.0,378789
2018,3364.0,31751
2006,12081.0,6986
2003,376.0,93
2007,2131232.0,4977463
2019,2970.0,24480
2012,189961.0,1038634
2003,2419.0,1256
2016,3098.0,4398
2001,5260.0,3857
2006,129.0,56
2014,163984.0,167820
2010,5538358.0,6271666
2000,2354779.0,9669000
2003,1039.0,15049
2009,10967.0,12421
1997,1252.0,7488
2007,9863.0,13234
1999,5550.0,100000
2003,47030.0,393560
2009,132700.0,44700
2001,91171.0,28017
2016,2380.0,48170
2019,923.0,905
2014,2523.0,1820
2012,4238.0,5531
1999,67807.0,161775
2015,2471.0,808
1997,55100.0,6900
2018,53347.0,165221
2003,10.0,3
2004,8452.0,3792
1999,9227.0,8430
2016,44299.0,18358
2002,680.0,586
2013,333135.0,421915
2017,333739.0,904932
2009,886.0,6781
1999,370587.0,583300
2017,15837.0,16787
2003,11.0,30
2011,1.0,2
2018,193010.0,175359
2014,681.0,211
2007,2360.0,2350
2015,3226.0,3579
2001,14349.0,11520
2012,181.0,4319
2015,857696.0,2315849
2009,2964.0,1100
1998,51919.0,35600
2012,63505.0,25455
2002,73863.0,184064
2017,241351.0,274962
1998,886.0,414
2011,899.0,980
2018,2130.0,45792
1998,4300.0,4100
2009,35348.0,5227
2005,22713.0,30541
2006,2728.0,412
2000,347427.0,329499
2003,23740.0,22172
2014,29445.0,540640
2017,6740.0,14926
2014,25.0,8
2006,33.0,14
2015,11404.0,16203
1997,20764.0,200509
2001,1279.0,1691
2019,61041.0,175675
2004,521860.0,624566
2013,6000.0,2300
2002,126977.0,145254
2014,23757.0,49135
2002,25000.0,715400
2006,883877.0,1285887
2018,17865.0,166272
2011,2290.0,1755
2005,105484.0,23382
2009,21766.0,24150
2015,3177.0,2049
2018,5533.0,4279
2015,1627.0,907
2018,4812.0,62954
2006,11991.0,16603
2008,1588.0,1190
2009,13883.0,9719
2019,20895.0,83939
2010,810.0,1069
2018,66685.0,43811
2020,19697.0,41108
2019,777.0,789
2018,285.0,437
1999,586877.0,582000
2012,2574.0,6123
2010,20135.0,87385
2017,4122.0,687
2000,4400.0,4240
2009,1340.0,992
2010,120.0,110
2011,5379.0,9505
1998,11974.0,27080
2008,4367.0,80538
2003,24940.0,25126
2004,24281.0,7309
2006,1066981.0,2723038
1999,185.0,190
2009,64317.0,19856
2004,304051.0,110550
2016,3646.0,29203
2014,1057.0,1718
2004,23981.0,9314
2002,350900.0,336300
1999,56000.0,63000
2014,10906.0,2885
2003,4043.0,35699
2011,37.0,0
2011,353.0,251
2009,104095.0,225448
2019,116274.0,135888
2002,4482.0,1890
2011,1476.0,2815
2010,5244.0,7725
2008,2500.0,4520
2001,1814.0,998
2018,92.0,720
2018,15693.0,180243
2003,645.0,233
2009,5300.0,2800
2008,132310.0,101329
2003,373235.0,392881
2008,12752.0,46600
2010,12123.0,20697
2016,284883.0,2131513
2017,449400.0,720300
2011,1471.0,1268
2015,3973.0,40497
2016,594436.0,321228
1999,44.0,245
2003,2000.0,3000
2010,82317.0,46191
2019,381.0,706
2008,34.0,58
2008,106616.0,970056617
2018,19.0,11
2010,5393.0,2090
2017,45050.0,17766
2017,3633.0,1414
2000,4000.0,4000
2011,319506.0,333810
2019,1681.0,2549
2004,45400.0,81700
2009,409.0,122
2002,805.0,618
2011,11.0,5
2000,197261.0,167828
2013,39000.0,151000
1999,282.0,8890
2005,86.0,166
1999,525383.0,1417739
2018,194.0,175
2016,5039.0,3379
2017,147191.0,128673
1999,4200.0,3150
2012,2620.0,2574
2018,3838.0,347
2000,5328.0,4759
2008,6972.0,1559
2001,9837.0,4783
2004,1804.0,1092
2016,77.0,74
2005,132260.0,53036
2012,212.0,180
2001,1947.0,1575
2002,18.0,5
2017,63.0,38
2013,7648.0,1936
2017,3843.0,5794
2004,18695.0,80800
2005,3299.0,2441
2018,616870.0,1482941
2011,1056654.0,381759
2017,63245.0,25743
2010,1880.0,2500
2013,1000.0,1300
2019,2565.0,5167
2019,1319102.0,1196801
2012,3245.0,2562
2013,1.0,2
2012,1493276.0,4050334
2012,23695.0,21258
2009,38500.0,1051400
2001,1480.0,339
2013,29083.0,1075171
2001,126.0,907
2007,823.0,7036
2014,7342.0,3396
2010,44772.0,56216
2019,52381.0,38089
2003,93904.0,45255
2014,1300.0,500
1998,5181.0,17291
2004,254400.0,236000
2012,21919.0,8426
2010,464.0,978
2002,2354.0,931
2016,157.0,3215
2013,2320.0,3080
2007,36.0,33
1998,583165.0,874000
2004,878399.0,1335462
2003,6000.0,5400
2016,15250.0,126860
2018,707437.0,1040754
2000,86400.0,109100
2011,3500.0,2100
2018,1720.0,1823
2013,16170.0,213687
2015,574.0,7851
2008,146900.0,91800
2002,160863.0,432637
2007,31082.0,6183
2017,1796.0,1450
2004,31.0,117
2015,4400.0,5000
2012,29100.0,89200
2019,3.0,0
2007,5671.0,2000
2011,7736.0,4700
2007,49000.0,133000
2002,1920.0,8839
1998,30.0,130
2005,5416.0,97924
2014,51196.0,94178
2003,2907199.0,4589705
2010,339.0,280
2002,2582.0,599
2006,165370.0,389170
2017,481.0,1878
2008,202535.0,99172
2010,54136.0,131713
2016,344895.0,1084699
2006,63200.0,31600
2012,2.0,4
2000,8197.0,4809
2019,3080.0,5870
2013,671459.0,2175683
2008,75.0,26
2014,102000.0,4090000
2006,1635.0,876
2014,301000.0,1002000
2008,13736.0,2527
2005,102225.0,18175
2017,84.0,132
2014,920307.0,2854873
2002,35800.0,779700
2006,12826.0,319900
2015,390.0,400
2019,23.0,13
2019,36827.0,25270
2003,7007.0,18783
2014,52830.0,34237
2006,7525.0,144345
2007,7443.0,5463
2002,160800.0,172200
2005,2327.0,1884
2008,1907.0,30684
2012,59861.0,48934
2018,709.0,735
2016,507000.0,522000
1998,649.0,19110
2005,49000.0,54000
2010,85023.0,657627
2017,34834.0,64205
2017,154511.0,209349
1998,1360.0,750
2001,900.0,1130
2003,452002.0,419436
2016,157356.0,74083
2019,10634.0,3249
2019,3411.0,1843
2014,1305.0,1958
1998,492128.0,504552
2003,365359.0,496930
2010,480.0,379
2017,1200.0,2300
2014,2160.0,5620
2015,19725.0,18004
1998,164.0,63
2009,183688.0,82396
2018,10615.0,2798
2000,1141500.0,1266200
1998,1079193.0,2599170
2015,121685.0,9353418
2005,4112.0,4236
1998,649100.0,375700
2013,31505.0,16604
2018,160470.0,113163
2010,1294.0,4066
2018,416.0,334
2002,803274.0,1085739
2006,323598.0,486900
2000,87384.0,75741
2010,49596.0,54110
2016,13000.0,6420
2019,272701.0,827998
1998,357300.0,584500
2018,1068.0,211
2008,694390.0,276049
2005,960.0,232
2001,400.0,400
1997,1401.0,7126
2015,14994.0,76490
2017,338.0,244
2006,216100.0,16554000
2004,31811.0,19941
2011,183.0,988
2013,38021.0,39216
2015,3334.0,2740
2011,43.0,69
2002,8859.0,3691
1998,45581.0,39912
2017,446607.0,3531305000
2000,50.0,180
2004,3700.0,1500
2008,3951.0,34588
1998,132836.0,270992
2000,4397.0,6226
2004,367770.0,687452
2014,29095.0,40762
2017,1558.8,44836
2016,32006.0,555944
2006,1238.0,801
2019,291431.0,231354
2003,68092.0,18240
2003,27485.0,5158
2010,1805.0,1012
2015,157628.0,1135482
2019,21300.0,19500
2000,382900.0,288500
1999,160964.0,160007
2008,352.0,268
2018,49126.0,113342
2008,2383.0,1710
2019,93699.0,71326
2014,8367.0,228542
2017,350.0,240
2016,889351.0,3028634
2000,77.0,95
1997,20500.0,19100
2006,52.0,24
2002,1059900.0,777100
2016,415582.0,115532
2006,269494.0,223806
2005,81.0,37
2007,841830.0,1111216
2013,91261.0,252778
1998,24616.0,318174400
2003,3441.0,2467
2013,2.0,2
2014,3070.0,5600
2011,7012.0,1740
1998,30000.0,37000
2014,22843.0,5978
2004,148267.0,125041
2011,192340.0,212514
2008,4400.0,41520
2009,20162.0,13170
2014,122000.0,62000
2015,49.0,94
2019,287.0,161
2005,9500.0,13700
2019,12.0,9
2012,2477.0,4783
2015,9865.0,2770
2010,493228.0,1747000
2013,130000.0,507000
2008,32265.0,31406
2005,10.0,0
2017,3379.0,3368
2016,24614.0,7868
2004,154000.0,422000
2006,9854.0,39940
2008,81764.0,79859
2005,43473.0,33718
1999,150020.0,256770
2014,17.0,432
2017,42760.0,15322
2000,3299120.0,4861992
1997,250698.0,118512
2019,1585062.0,5900447
2019,17370.0,61915
2001,414401.0,185620
2007,330.0,1158
2001,575.0,2965
2008,1500.0,1751
2013,1204.0,1727
2011,32500.0,33000
2016,62.0,39
2017,4211.0,4184
2010,730.0,740
2009,82629.0,600153
2003,725486.0,264389
2019,712037.0,2914652
2009,7432.0,4542
2000,362660.0,261319
1999,3236700.0,2123000
2003,401607.0,245933
2014,502000.0,359000
2017,6207.0,4936
2016,17452.0,23459
2010,616.0,146
2010,10085.0,13143
2013,7934.0,4685
2012,1048427.0,2667359
2014,59337.0,81277
2015,135292.29,2828020
2017,2892.0,2071
2001,49100.0,27200
2016,5588.0,1045
2012,116839.0,225109
2011,1086.0,677
2002,6400.0,2750
1998,1000.0,3000
1998,6160.0,472160
1998,1652.0,751
2016,11.0,173
1998,21657.0,126569
2016,16323.0,38666
2008,1008500.0,605000
2000,13824.0,6838
2002,811.0,260
2003,14607.0,17206
2008,10599.0,9104
1999,8780.0,7120
2016,1262641.0,2988982
2006,24382.0,106052
2012,14631.0,4031
2006,284632.0,822692
2009,196547.0,598834
2005,67623.0,226399
2007,66.0,38
2006,6000.0,6000
2008,5523.0,1702
2013,764.0,7246
2017,181699.0,11622609
2015,451.0,500
2000,27400.0,229420
2017,1658.0,1465
2015,61.0,763
2010,254755.0,300237
2004,2.874,1
2001,33288.0,86409
2002,2530000.0,8880000
2015,143.0,44
2018,212755.0,179987
2015,11770.0,7999
2017,1874.0,36730
2012,995.0,758
2004,340.0,183
2002,13414.0,5764
2007,1110.0,1504
1999,16896.0,7742
2005,149362.86,77860
2001,3938.0,3268
2007,165668.0,987538
2011,35262.0,29663
2020,7246.0,8800
2018,2290.0,5730
2002,47.0,900
1997,207.0,95
2014,674.0,7428
1998,555.0,136
2017,5590.0,4128
2019,2725.0,3089
2004,43861.0,144235
2015,9.0,15
2006,8169.0,4142
2005,111872.0,32496
2004,436244.0,286330
2019,55444.0,386596
2005,15050.0,16000
2009,53500.0,20400
2019,8077.0,7456
2015,234000.0,260000
2001,2156.0,3164
2011,5772461.0,6488246
2002,44127.0,24067
2004,66990.0,44631
2008,150400.0,52700
2019,158285.0,105406
2004,500.0,1060
2011,2050.0,2439
2012,8725.0,8529
2000,3847.0,6209
1999,8650.0,6200
2012,11413.0,8012
2012,21100.0,20500
2015,191322.0,256729
2015,7000.0,17180
2018,2620.0,53080
2009,724.0,538
2004,4472.0,27002
2010,69005.0,22093
2014,16525.0,142093
2003,53076.0,342752
2016,3693.0,13151
2001,327556.0,395889
2013,47542.0,26999
2013,9112.0,83557
2001,1107852.0,1876698
2005,500700.0,38813700
1998,357200.0,246300
2018,63056.0,21073
2005,4870.0,25470
2017,8326.0,4542
2016,4295.0,2368
2009,2487756.0,10488000
2008,100.0,100
2004,137.0,50
1997,8058.0,12423
2015,987100.0,69235400
1999,3159.0,2467
2014,64100.0,23800
2014,2.0,23
2017,1.0,10
2013,24068.0,76998
1997,83200.0,8800
2013,940.0,970
2011,18.0,14
2004,678.0,365
2010,281664.0,641530
2013,25.0,7
2006,315000.0,720000
2018,14497.0,10157
2014,448602.0,479647
2015,2.0,3
2012,12387.0,134766
2014,13931.0,10597
2012,30952.0,19821
2005,566097.0,593357
1999,317400.0,174500
2013,101000.0,7427000
2009,592405.0,475940
2008,525.0,587
2005,911.0,450
2018,30815.0,385025000
2016,73832.0,212837
2015,1482.0,3256
2007,252897.0,640424
2011,4457.0,5014
2008,53007.0,42334
2003,325.0,363
2019,22402.0,11497
2014,6000.0,5200
2008,11.0,7
2008,2900.0,3400
2014,27994.0,19059
2005,1634.0,1078
2000,3500.0,4000
2001,505574.0,1274858
2006,374604.0,5429900000
2019,9050.0,16730
2010,45898.0,71598
1998,11300.0,4600
2002,816.0,2288
2005,12440.0,7235
2001,80579.0,137418
2011,103967.0,1430853709
2015,270700.0,692696
2014,3528.0,5898
2015,95538.0,5656014
2014,592.0,211
2018,262012.0,615799
2010,19081.0,1550
2017,69.0,207
2017,144295.0,155699
2006,132.0,96
2014,1559.0,4423
2012,8305.0,2344
1999,65893.0,7432
2008,51859.0,68637
2008,19635.0,18618
2005,340.0,320
2003,122845.0,100000
2012,11075.0,9039
2008,872.0,8464
2000,92122.0,66178
2007,354022.0,38070965
2018,16133.0,35678
2012,90572.0,216990
2003,37716.0,7776
2011,365.0,340
1998,37185.0,289717
2013,9.0,17
2011,8163.0,45441
2007,8200.0,2700
2007,72379.0,83611
1999,332332.0,35501817
2006,5832.0,42821
2002,70.0,50
2007,1193.0,509
1999,49448.0,51530
2011,425.0,335
2003,123000.0,6620000
2014,16270.0,140110
2010,490600.0,986000
2012,27200.0,7590
2004,383206.0,1551729000
2013,22202.0,16373
2019,1357726.0,3612589
2013,9246.0,84730
2007,1372.0,2723
2012,278912.0,138485
2016,116000.0,445000
2001,59.0,16
2019,34235.0,94357
1998,103000.0,6130000
2018,53829.0,68899
2016,65.0,68
2015,789100.0,1159800
1998,78346.0,2909934
2003,1325400.0,896300
2011,1942.0,1095
2004,11803.0,7001
2000,4288.0,6666
2015,12217.0,8342
2016,3175.0,3094
2019,98576.0,231466
2019,1.0,5
2001,17736.0,234978
2016,1090.0,415
2016,42408.0,1104672
2016,4.0,11
2007,32604.0,37918
2017,1881.0,1960
2003,4.0,293
2012,7099.0,25893
2001,116540.0,235838
2018,1770.0,340
2014,1185.0,1306
2009,1250.0,1960
1999,6914.0,6077
2014,569.0,312
2013,60427.0,40267
2002,90.0,75
1997,308857.0,28999269
2013,144.0,43
2016,150839.21,3821047
1998,88.0,1500
2018,2766.0,5770
2001,593959.0,703404
2002,59503.0,149203
2006,134069.0,18350
2018,104530.0,1571100000
2008,16765.0,208052
2019,19835.0,19413
2011,25808.0,26651
2006,32829.89,25216
2010,15277.0,50503
2002,4600.0,3400
2017,82844.0,155813
1997,15122.0,11389
2018,2436898.0,1132524
2006,33676.0,17007
2019,144786.0,105726
2002,7798.0,5770
2015,15.0,8
2017,780.0,660
2010,45020.0,28462
2002,40000.0,80000
2016,241450.0,624300
2011,6600.0,5600
1998,37400.0,72500
2011,30.0,16
2001,640.0,1360
2000,114609.0,2586903
1999,64.0,483
2008,22052.0,30646
2018,208.0,80
2008,29768.73,27189
2010,2784.0,14038
2012,24706.0,27128
2012,3188000.0,7658000
2015,24373.0,29016
2017,1.0,0
2012,310909.0,512296
2001,743975.0,365367
2012,26.0,10
2003,59177.0,470198
2015,2000212.0,7374681
2002,922658.68,974008
2011,38.0,843
2017,6075.0,44044
2003,620421.0,8366723
2006,42.0,22
1999,6921.0,5144
2018,10543.0,28582
2014,48307.0,164831
2002,382719.0,32485308
2012,1802.0,863
2018,319002.0,564634
2001,2904.0,13710
1999,15200.0,9818
2007,29.0,53
2002,330126.0,170345
2001,40407.0,46560
2004,8600.0,2500
2001,10677.0,140539
2006,70463.0,61680
2018,112612.0,99169
2000,276815.0,145060
2010,114324.0,114330
2013,11893.0,6941
2016,3959.0,354
2013,2024.0,304066
2004,173100.0,71700
2014,242517.0,262188
2004,519.0,324
2006,85356.0,50207
2017,153027.0,252317
2017,25040.0,31520
2007,38240.0,37084
2006,2232.0,3675
2010,461.0,1390
2001,69.0,34
2011,3.0,1
2006,1401233.0,4520656
2015,82234.0,20640
2019,443965.0,727611
2005,5571524.0,11119095
2010,15017.0,1134059
2009,99190.0,116763
2008,9500.0,14500
2011,9664.0,6150
2009,2438.0,6066
2004,15.0,17
2004,2492.0,1886
2014,1300.0,792
2013,2500.0,2400
1997,74292.0,64976
2017,1900.0,2100
1998,836.0,1554
2005,630.0,0
2015,30792.0,24564
2004,812826.0,538320
2014,575668.0,12986412
2002,5565.0,1814
2010,2831000.0,10837000
2018,1484.0,1551
2017,86.5,110
2000,213.0,227
2009,62677.0,29021
2015,11940.0,15950
2009,501548.0,191479
1999,59.0,273
2018,434.0,1705
2018,5848.0,16826
2017,32181.0,25976
2002,9273.0,4015
2005,6739.0,1800
2019,93.0,74
2017,70.66,160
2017,2320.0,2346
2016,10520.0,7081
2010,545.0,792
2008,527347.0,10809926
2016,72.0,65
2013,88166.0,241241
2013,122300.0,55200
2019,3966.0,3990
2000,288.0,81
2000,63.0,99
2012,48296.0,30320
2009,12841.0,2736
2010,141.0,73
2012,3004.0,1064
2005,9790.0,23690
1997,275746.0,5488
2018,9953.0,66273
2018,114479.0,157242
2003,5665.0,89565
2019,860.0,10921
2008,17036.59,12398
2018,35340.0,93453
2002,384965.0,796652
2002,271219.0,511526
2005,514.0,269
2018,1313.0,1339
2007,162.0,170
2017,2484.0,2279
2001,1597.0,1719
2017,101.0,99
1998,276300.0,116900
1999,250625.0,391529
2010,837865.0,1332205
2015,646.0,540
2014,6230.0,2049
2009,1590.0,853
2018,104391.0,163835
2004,32200.0,1931400
2010,68.0,180
2007,2874.0,6495
2006,20137.0,10602
2005,321.0,183
2005,153.0,43
2001,6000.0,12350
2012,1231.0,990
2017,614.0,354
2019,2214.0,1657
2000,10.0,8
2010,51338.0,84908
2015,1000.0,1000
2013,737.0,234
2004,1708.0,3117
2007,3130.0,719
2005,1338.0,715
2003,442500.0,25668400
2000,1390.0,780
2017,1717.0,110607
2013,550.0,883
2019,14.0,17
2007,1159100.0,1075700
2005,1472400.0,1764100
2009,17215.0,123701
2004,91578.0,18642
2012,47294.0,134609
1997,8887.0,87413
2009,74925.0,2525384
2010,4133.0,13241
2018,166415.0,17096330
2017,803.0,240
2001,255514.0,339390
2009,7000.0,2600
2015,743.0,694
2013,12100.0,3250
2017,20641.0,14387
2019,2450.0,2427
2014,88990.0,254450
2006,42429.0,54800
2013,430700.0,200572
2009,37104.0,26685
2003,6708.0,6787
2002,19350.0,6776
2009,14273.0,6079
2013,17.0,424
2009,687000.0,618000
2018,6686.0,4185
2018,80297.0,93472
2008,5000.0,5000
2017,186179.25,1882969
2010,8.0,75
2002,37680.0,42966
2005,1861.0,1267
2013,19.0,36
2015,962.0,1051
2000,16186.0,339988
2010,51.0,15862
2010,62267.0,625575
2012,30100.0,31300
2012,12.0,9
2017,2428.0,26975
2015,998.0,382
2019,17378.0,18059
2002,392671.0,330913
2013,2053.0,1432
2014,2960.0,2970
2017,20.0,13
2010,56243.0,902250
2018,41381.0,51632
1997,96073.0,74142
2003,283.0,11291
2013,209870.0,208963
2016,64072.0,36194
2001,661.0,725
2011,3870.0,3470
2017,104.0,14
2018,2902.0,2743
1997,1031530.0,2340493
2002,872.0,359
2007,20026.0,64553
2016,6776.0,4418
2011,5248479.0,14537038
2016,55743.0,2303705
2012,8579.0,67773
2012,1800.0,1755
2010,5693.0,1400
2004,24427.0,33713
2011,33178.0,7939
2014,4207.0,2779
2012,184153.0,248208
2009,11178.0,25378
2012,22.0,33
2006,221.0,3757
2002,29700.0,6590
2011,1248.0,543
2008,3775.0,20587
2009,22100.0,1605500
2011,5662.0,19828
2007,93701.0,175944
2008,33421.0,196850
2006,3100.0,3600
2002,132978.0,51995
2014,1840.0,2040
2016,339572.0,891700
2018,29860.0,27965
2004,151474.0,824920
2019,7842.0,9576
2013,3901.0,884
2000,2180.0,1090
2019,117962.0,350076
2017,72.0,65
2005,557000.0,2395000
2017,18152.0,41624
2016,76420.0,2012746
2008,174600.0,426100
2019,158319.0,180114
2019,608.0,300
2006,50900.0,42600
2012,1778.0,486
1999,312769.0,697504
2011,42300.0,14210
2014,2878.0,2649
1998,1954900.0,2785300
2011,625.0,2800
2010,12.0,20
2006,524.0,452
2017,146015.0,137352
2002,10523.0,2184
2013,32.0,0
2000,272468.0,445720
2000,17533.0,13548
2019,10517.0,3231
2017,27250.0,17764
2016,32478.0,15229
2016,8300.0,31500
2015,33867.0,573224
2012,938.0,906
2012,221154.0,352741
2002,313000.0,197100
2013,2458.0,1191
2006,10029.0,5147
2019,57139.0,67628
2019,8.0,14
2008,875.0,785
2015,72.0,65
2012,8339.0,69006
2001,51.0,24
2018,13720.0,3583
2003,29500.0,65500
2010,89300.0,124800
2008,2437.0,33058
1999,11814.0,3418
2009,520.0,830
2002,6889.0,13820
2006,5400.0,3100
2004,47508.0,32022
2009,15938.0,41338
2008,19838.0,1992
2012,6696.0,82671
2012,71664.0,26845
2016,104.0,14
2005,3837.0,2628
2014,409.0,1072
2004,142341.0,48305
2002,359439.0,495558
2011,27150.0,17001
2007,7432.0,77499
2012,450.0,422
2001,505.0,283
2016,5493.0,344294
2007,40826.0,28992
2000,6410.0,16112
2006,24098.0,33865
2004,60500.0,106500
2011,15448.0,21751
2003,13390.0,7850
2004,4936.0,450
2011,23.0,6
2015,544701.0,7667066
2010,3734.0,673
1999,118030.0,38670
2011,9968.0,8479
2019,168047.0,226638
2012,103983.0,6344504
2009,62825.0,115388
1998,1280900.0,1522100
2019,230559.0,241565
2014,1000.0,1800
2012,5958.0,4937
2018,88449.47,279529
2017,1840.0,12982
2016,3325.0,3913
2006,674884.0,500799
2018,267900.0,1222800
1998,798.0,1116
2018,3490.0,3993
2003,298467.0,729571
2004,23960.0,17871
2005,184090.0,72531
2017,646980.0,839400
2005,323189.0,482196
1997,6607.0,18281
2003,311195.0,251757
2002,1.0,1
2015,70356.0,15494
2017,35612.0,31244
2019,5715.0,3195
2010,2150.0,43800
2016,1653.0,31493
2017,1.0,8
2018,39560.0,13123
2010,916.0,374
2014,3150.0,2854
2017,6.0,4
2008,389.0,204
2007,1586.0,3013
2013,124500.0,142300
1998,165.0,132
2014,21054.0,24800
2007,9397.0,3568
2006,5526.0,11904
2016,5060.0,2086
2009,540797.0,13447272
2003,498.0,294
2011,1550.0,30000
2001,3267.0,269780
1998,3868.0,4441
2007,30267.0,7620
2003,1586100.0,2111000
2019,386788.0,150720
2019,1056.0,637
2013,2700.0,769
2014,1034.0,17881
2009,382.0,120
1998,182000.0,428600
2004,1393.0,331
2008,2306.0,1177
2002,2455.0,17051
1997,9959.0,303
2011,6464.0,1900
2015,33140.0,107509
2018,1.0,1
2015,17.0,17
2000,2130.0,1090
2003,4441.0,32548
2006,12283.0,3759
2010,555055.0,213739
2008,18376.0,225694
2015,5837445.0,12434053
2013,20585.0,18708
2013,476.0,128
2015,1185.0,3086
2010,3362122.0,8429323
2019,19765.0,12579
2017,662.0,640
2003,1925.0,1570
2017,350577.0,121178
2001,55880.0,105713
2007,54393.0,15501
2017,224744.0,702645
2017,4150.0,1534
2000,16906.0,24250
2011,570397.0,914228
2015,33599.0,193621
2007,366.0,183
2008,90.0,43
2018,453.0,352
2010,1972.0,1516
2019,60399.0,128812
2006,5280.0,4060
1998,675105.0,557633
1997,37191.0,19693
2018,3275.09,15124
2000,54.0,24
2017,1900.0,1900
2012,865.0,247
2014,3620.0,33020
2017,7382.0,9055
2001,7902.0,4465
2014,17.0,9
2015,2270.0,45880
2017,540.0,790
2011,10324.0,23489
2007,1451.0,1062
2006,206084.0,744274
2018,1.0,14
2014,6222.0,15914
2010,3026.0,17427
2010,413677.0,585767
2017,302516.0,546169
2013,31770.0,32147
2013,50.0,46
2016,12320.0,34521
2000,172202.0,170805
2007,685.0,324
2001,443500.0,884600
2015,154827.0,104769
2007,1406000.0,5133000
2014,511.0,507
2017,1878798.0,3883120
2015,3646.0,6850
2014,225000.0,428000
2009,4188.0,1469
2010,70.0,197
2004,11920.0,7150
2004,2652.0,2241
2017,223242.0,535877
2019,20.0,102
2003,6264.0,5100
2009,112804.0,52780
2002,3180.0,2379
2012,64825.0,17765
2018,21676.0,76983
2011,114.0,106
2011,346104.0,533346
2014,96.0,92
2009,755900.0,64159300
2013,6228.0,64123
2009,164.0,121
1998,123700.0,44800
2014,1715.0,838
2004,12896.0,28242
2004,3780.0,2840
1998,390800.0,169100
2014,65287.0,104033
2005,37.0,10
2001,21067.0,163597000
2017,1317338.0,4497284
2010,4180.0,21793
2004,1230.0,1520
2007,1093.0,692
2011,308263.0,178816
2003,17307.0,6497
2018,16598.0,4489
1999,140609.0,62513
2015,1537.0,10321
2004,52499.0,26879
1998,379718.0,481267
2019,650305.0,838905
2017,7240.0,7980
2018,1741.0,18907
2016,37917.0,74392
2000,7824.0,4315
2019,8830.0,9980
2012,1.0,2
2005,8971.0,42646
2015,6334.0,5689
2003,264392.0,39470
2007,1200.0,950
2011,1117720.0,3218289
1999,391000.0,504000
2009,17712.0,162445
1997,3844.0,2282
2016,838.0,971
1998,20166.0,149866000
2008,1991.0,75867
2011,650.0,560
2007,175.0,223
2002,120354.0,197607
2019,13628.0,63081
2010,16110.0,14118
2002,41412.0,8680
2004,6412.26,6335
2015,4404.0,6537
2011,1.0,2
2012,1262.0,606
2010,64.0,24
2017,2373.0,2208
2015,16146.0,38825
2011,62.0,29
2013,1.0,2
2019,1894.0,2669
2001,51573.0,11341
2013,81132.0,424434
2000,4563.0,4232
2016,10593.0,4178
2014,3288.0,3729
2003,9639.0,4729
2012,37511.0,30562
2009,990.0,2519
2019,22102.0,33683
2003,53600.0,17400
2005,317.0,5078
2017,174.0,139
2006,7208.0,7738
2006,6.0,6
2017,7795.0,6467
1997,8090.0,14200
2019,230073.0,275506
2010,25906.0,131506
2009,324870.0,253399
2010,28562.0,26499
2005,26.0,97
2018,4507.0,2176
2002,21040.0,13020
2010,14430.0,98814
2016,121.0,361
2000,4596.0,1738
2000,6053.0,11420
2007,2094.0,2406
2007,7000.0,5169
2006,9200.0,21450
2018,753181.0,1117198
2015,20602.0,154656000
2008,22596.0,19351
2015,74697.0,102483
2009,104541.0,1149330226
2008,988.0,719
2008,10987.0,3992
2008,102100.0,40500
2008,7315.0,75577
2014,201265.0,162820
2004,222188.0,24457244
2009,178162.0,159184
2019,20117.0,28539
2013,71877.0,132326
2011,10016.0,8120
2015,94214.0,3610173
2003,6000.0,4200
2008,17382.0,12619
2013,3173.0,20391
2003,3876.0,1167
2004,2010.0,1560
2008,1773211.0,2865843
2019,584.0,451
2009,7089.0,1597
2005,46100.0,23800
2003,5420.0,25867
2007,3432.0,3419
2002,1577.0,651
2014,4608.0,6519
2019,33480.0,78074
1998,800.0,461
2011,18053.0,29165
2011,3150.0,28720
2012,1097473.0,1107363
2015,187.0,46
2020,9246.0,6998
2006,349.0,185
2018,5797.0,1843
1998,17925.0,193770
2015,2659.0,5697
2006,500.0,16330
2017,32440.0,24893
1997,1501172.0,722773
2006,1064.0,7798
2014,1622.0,2372
1999,264061.0,58353
2019,1925684.0,3062879
2007,99335.0,200673
2001,7000.0,5000
2007,21700.0,18200
1998,32001.0,27051
2002,4110.0,2100
2001,1195.0,593
2018,3960.0,36230
2011,8652.0,2306
1997,3269.0,1710
2014,26177.0,30844
2002,332.0,252
2007,334000.0,816000
2012,48.0,38
2010,4984.0,26101
2014,94322.0,67560
1999,22883.0,1762806
2000,17552.0,61022
2014,55485.0,180323
2001,244793.0,396864
2008,21621.0,45666
2017,1058778.0,3101037
2000,1239053.0,4224208
2010,964500.0,85691500
2009,6800.0,6800
2017,246.0,738
2019,398.0,218
2010,2900.0,906
2002,442.0,381
2002,32799.0,27084
2019,762.5,999
2010,43847.75,34752
1997,2979.0,1507
2014,2445.0,29340
2010,46469.0,168165
2000,298052.0,683642
2008,171861.0,376048
1998,330535.0,702706
2002,262900.0,116400
2014,1883.0,1887
2018,115855.0,203338
2005,166260.0,386070
2007,354115.0,347992
1997,73814.0,56708
2010,316.0,637
2003,98050.0,55107
2014,149000.0,68000
2013,1795.0,5195
2011,330.0,330
2014,1399.0,417
2002,97485.0,107279
2016,543697.0,1126810
2013,976.0,823
1998,161800.0,40300
2000,86.0,237
2016,340.0,230
2008,9173.0,8906
2011,80000.0,5653000
2007,63.0,82
1997,350.0,447
2017,1888.0,563
2013,9839197.0,31492656
2017,220963.0,468754
2012,1.0,2
2014,54.0,21
